Name,Subclass,Url,Division,Retailer
Wholemeal Bread Sliced,Bread,sliced-wholemeal-bread,FOOD AND NON-ALCOHOLIC BEVERAGES,Opa
Village Bread Sliced,Bread,sliced-village-bread,FOOD AND NON-ALCOHOLIC BEVERAGES,Opa
Bananas,Fresh or chilled fruit,bananas,FOOD AND NON-ALCOHOLIC BEVERAGES,Opa
Apple Pink,Fresh or chilled fruit,apples-pink-lady,FOOD AND NON-ALCOHOLIC BEVERAGES,Opa
Grapes White,Fresh or chilled fruit,grapes-white,FOOD AND NON-ALCOHOLIC BEVERAGES,Opa
Apples Green,Fresh or chilled fruit,apples-green,FOOD AND NON-ALCOHOLIC BEVERAGES,Opa
Pears,Fresh or chilled fruit,pears,FOOD AND NON-ALCOHOLIC BEVERAGES,Opa
Apples Red Chief,Fresh or chilled fruit,apples-red-chief,FOOD AND NON-ALCOHOLIC BEVERAGES,Opa
Blueberries,Fresh or chilled fruit,blueberries,FOOD AND NON-ALCOHOLIC BEVERAGES,Opa
Apples Golden,Fresh or chilled fruit,apples-golden,FOOD AND NON-ALCOHOLIC BEVERAGES,Opa
Pomegranates,Fresh or chilled fruit,pomegranates,FOOD AND NON-ALCOHOLIC BEVERAGES,Opa
Apples Royal Gala,Fresh or chilled fruit,apples-royal-gala,FOOD AND NON-ALCOHOLIC BEVERAGES,Opa
Oranges Merlin,Fresh or chilled fruit,oranges-merlin,FOOD AND NON-ALCOHOLIC BEVERAGES,Opa
Oranges for Juice,Fresh or chilled fruit,oranges-for-juice,FOOD AND NON-ALCOHOLIC BEVERAGES,Opa
Pineapple,Fresh or chilled fruit,pineapple,FOOD AND NON-ALCOHOLIC BEVERAGES,Opa
Mango,Fresh or chilled fruit,mango,FOOD AND NON-ALCOHOLIC BEVERAGES,Opa
Tomatoes Ripe for Salsa,Fresh or chilled vegetables other than potatoes and other tubers,tomatoes-ripe-for-salsa,FOOD AND NON-ALCOHOLIC BEVERAGES,Opa
Cucumbers fleid,Fresh or chilled vegetables other than potatoes and other tubers,cucumbers-field,FOOD AND NON-ALCOHOLIC BEVERAGES,Opa
Red Onions,Fresh or chilled vegetables other than potatoes and other tubers,red-onions,FOOD AND NON-ALCOHOLIC BEVERAGES,Opa
Cucumbers Greenhouse,Fresh or chilled vegetables other than potatoes and other tubers,cucumbers-greenhouse,FOOD AND NON-ALCOHOLIC BEVERAGES,Opa
Cherry Tomatos,Fresh or chilled vegetables other than potatoes and other tubers,cherry-tomatos,FOOD AND NON-ALCOHOLIC BEVERAGES,Opa
Mixed Peppers,Fresh or chilled vegetables other than potatoes and other tubers,mixed-peppers,FOOD AND NON-ALCOHOLIC BEVERAGES,Opa
Potatoes Washed,Potatoes,potatoes-washed,FOOD AND NON-ALCOHOLIC BEVERAGES,Opa
St. Nicholas Water,Mineral or spring waters,st-nicholas-water,FOOD AND NON-ALCOHOLIC BEVERAGES,Opa
Dried Prunes with Pit,Dried fruit and nuts,dried-prunes-with-pit,FOOD AND NON-ALCOHOLIC BEVERAGES,Opa
Smoked Turkey,"Dried, salted or smoked meat",smoked-turkey,FOOD AND NON-ALCOHOLIC BEVERAGES,Opa
Ham,"Dried, salted or smoked meat",ham,FOOD AND NON-ALCOHOLIC BEVERAGES,Opa
Lettuce Cos,Fresh or chilled vegetables other than potatoes and other tubers,lettuce-cos,FOOD AND NON-ALCOHOLIC BEVERAGES,Opa
TZIVERTI Cyprus Wildflowers Honey squeeze 485g,"Jams, marmalades and honey",tziverti-cyprus-wildflowers-honey-squeeze-485g,FOOD AND NON-ALCOHOLIC BEVERAGES,Opa
Philadelphia Original,Cheese and curd,philadelphia-original,FOOD AND NON-ALCOHOLIC BEVERAGES,Opa
Kellogg’s Special K Classic 375g,Breakfast cereals,kelloggs-special-k-classic-375g,FOOD AND NON-ALCOHOLIC BEVERAGES,Opa
Kellogg’s Crunchy Nut 375 g,Breakfast cereals,kelloggs-crunchy-nut-375-g,FOOD AND NON-ALCOHOLIC BEVERAGES,Opa
ARTOZYM traditional pitta bread x 5pcs 550g,Other bakery products,artozym-traditional-pitta-bread-x-5pcs-550g/,FOOD AND NON-ALCOHOLIC BEVERAGES,Cheap Basket
PERSEAS white sliced loaf 750g,Other bakery products,perseas-white-sliced-loaf-750g/,FOOD AND NON-ALCOHOLIC BEVERAGES,Cheap Basket
American type buns for hot dogs 4pcs,Other bakery products,american-type-buns-for-hot-dogs-4pcs/,FOOD AND NON-ALCOHOLIC BEVERAGES,Cheap Basket
BAKANDYS traditional wheat crisp rolls (with sesame seeds and spices) 300g,Other bakery products,bakandys-traditional-wheat-crisp-rolls-with-sesame-seeds-and-spices-300g/,FOOD AND NON-ALCOHOLIC BEVERAGES,Cheap Basket
JOHNSOF Double Baked wheat croutons 320g,Other bakery products,johnsof-double-baked-wheat-croutons-320g/,FOOD AND NON-ALCOHOLIC BEVERAGES,Cheap Basket
ELITE wheat rusks 500g (3+1 FREE),Other bakery products,elite-wheat-rusks-500g-31-free/,FOOD AND NON-ALCOHOLIC BEVERAGES,Cheap Basket
ELITE wheat & rye rusks 360g (3+1 FREE),Other bakery products,elite-wheat-rye-rusks-360g-31-free/,FOOD AND NON-ALCOHOLIC BEVERAGES,Cheap Basket
BARILLA spaghetti 500g (n.5),Pasta products and couscous,barilla-spaghetti-500g-n-5/,FOOD AND NON-ALCOHOLIC BEVERAGES,Cheap Basket
MELISSA spaghetti No6 500g,Pasta products and couscous,melissa-spaghetti-no6-500g/,FOOD AND NON-ALCOHOLIC BEVERAGES,Cheap Basket
MELISSA orzo 500g,Pasta products and couscous,melissa-orzo-500g/,FOOD AND NON-ALCOHOLIC BEVERAGES,Cheap Basket
MITSIDES spaghetti 500g,Pasta products and couscous,mitsides-spaghetti-500g/,FOOD AND NON-ALCOHOLIC BEVERAGES,Cheap Basket
MITSIDES orzo 500g,Pasta products and couscous,mitsides-orzo-500g/,FOOD AND NON-ALCOHOLIC BEVERAGES,Cheap Basket
MITSIDES mezzani A 500g,Pasta products and couscous,mitsides-mezzani-a-500g/,FOOD AND NON-ALCOHOLIC BEVERAGES,Cheap Basket
MITSIDES traditional Cyprus macaroni 500g,Pasta products and couscous,mitsides-traditional-cyprus-macaroni-500g/,FOOD AND NON-ALCOHOLIC BEVERAGES,Cheap Basket
TRIUMPH spaghetti 500g,Pasta products and couscous,triumph-spaghetti-500g/,FOOD AND NON-ALCOHOLIC BEVERAGES,Cheap Basket
TILDA basmati rice 1kg,Rice,tilda-basmati-rice-1kg/,FOOD AND NON-ALCOHOLIC BEVERAGES,Cheap Basket
3A basmati rice 1kg,Rice,3a-basmati-rice-1kg/,FOOD AND NON-ALCOHOLIC BEVERAGES,Cheap Basket
3A premium jasmine rice 1kg,Rice,3a-premium-jasmine-rice-1kg/,FOOD AND NON-ALCOHOLIC BEVERAGES,Cheap Basket
SAILOR table sea salt 250g (plastic),"Salt, spices and culinary herbs",sailor-table-sea-salt-250g-plastic/,FOOD AND NON-ALCOHOLIC BEVERAGES,Cheap Basket
CARNATION SPICES jar mixed herbs 15g,"Salt, spices and culinary herbs",carnation-spices-jar-mixed-herbs-15g/,FOOD AND NON-ALCOHOLIC BEVERAGES,Cheap Basket
CARNATIONS SPICES jar turmeric 50g,"Salt, spices and culinary herbs",carnations-spices-jar-turmeric-50g/,FOOD AND NON-ALCOHOLIC BEVERAGES,Cheap Basket
CARNATION SPICES jar sweet paprica 50g,"Salt, spices and culinary herbs",carnation-spices-jar-sweet-paprica-50g/,FOOD AND NON-ALCOHOLIC BEVERAGES,Cheap Basket
CARNATION SPICES jar thyme 20g,"Salt, spices and culinary herbs",carnation-spices-jar-thyme-20g/,FOOD AND NON-ALCOHOLIC BEVERAGES,Cheap Basket
CARNATION SPICES jar parsley 15g,"Salt, spices and culinary herbs",carnation-spices-jar-parsley-15g/,FOOD AND NON-ALCOHOLIC BEVERAGES,Cheap Basket
CARNATION SPICES jar basil 20g,"Salt, spices and culinary herbs",carnation-spices-jar-basil-20g/,FOOD AND NON-ALCOHOLIC BEVERAGES,Cheap Basket
CARNATION SPICES jar rosemary 20g,"Salt, spices and culinary herbs",carnation-spices-jar-rosemary-20g/,FOOD AND NON-ALCOHOLIC BEVERAGES,Cheap Basket
SERANO cashew nuts raw 140g,Dried fruit and nuts,serano-cashew-nuts-raw-140g/,FOOD AND NON-ALCOHOLIC BEVERAGES,Cheap Basket
SERANO hazelnut kernels raw 150g,Dried fruit and nuts,serano-hazelnut-kernels-raw-150g/,FOOD AND NON-ALCOHOLIC BEVERAGES,Cheap Basket
SERANO Roasted salted peanuts 200g,Dried fruit and nuts,serano-roasted-salted-peanuts-200g/,FOOD AND NON-ALCOHOLIC BEVERAGES,Cheap Basket
dried fruit AMALIA – apricots 250g,Dried fruit and nuts,dried-fruit-amalia-apricots-250g/,FOOD AND NON-ALCOHOLIC BEVERAGES,Cheap Basket
dried fruit KARPOS APO TH GH MAS – prunes with pit 400g,Dried fruit and nuts,dried-fruit-karpos-apo-th-gh-mas-prunes-with-pit-400g/,FOOD AND NON-ALCOHOLIC BEVERAGES,Cheap Basket
dried fruit AMALIA – dates 250g,Dried fruit and nuts,dried-fruit-amalia-dates-250g/,FOOD AND NON-ALCOHOLIC BEVERAGES,Cheap Basket
dried fruit SERANO – raisins 300g,Dried fruit and nuts,dried-fruit-serano-raisins-300g/,FOOD AND NON-ALCOHOLIC BEVERAGES,Cheap Basket
dried fruit SERANO – prunes without pit 250g,Dried fruit and nuts,dried-fruit-serano-prunes-without-pit-250g/,FOOD AND NON-ALCOHOLIC BEVERAGES,Cheap Basket
honey – MAVROUDES 380g,"Jams, marmalades and honey",honey-mavroudes-380g/,FOOD AND NON-ALCOHOLIC BEVERAGES,Cheap Basket
honey – TZIVERTI Cyprus wildflowers 500g,"Jams, marmalades and honey",honey-tziverti-cyprus-wildflowers-500g/,FOOD AND NON-ALCOHOLIC BEVERAGES,Cheap Basket
honey – OROS MAXAIRA blossom honey squeezy 480g,"Jams, marmalades and honey",honey-oros-maxaira-blossom-honey-squeezy-480g/,FOOD AND NON-ALCOHOLIC BEVERAGES,Cheap Basket
LAYS salt & vinegar 160g,Crisps,lays-salt-vinegar-160g/,FOOD AND NON-ALCOHOLIC BEVERAGES,Cheap Basket
LAYS salted 160g,Crisps,lays-salted-160g/,FOOD AND NON-ALCOHOLIC BEVERAGES,Cheap Basket
EL SABOR nacho chips 225g – Texas BBQ (gluten free),Crisps,el-sabor-nacho-chips-225g-texas-bbq-gluten-free/,FOOD AND NON-ALCOHOLIC BEVERAGES,Cheap Basket
MITSIDES tomato paste 4x70g,"Sauces, condiments",mitsides-tomato-paste-4x70g/,FOOD AND NON-ALCOHOLIC BEVERAGES,Cheap Basket
KEAN pomilori seived tomatoes 690g,"Sauces, condiments",kean-pomilori-seived-tomatoes-690g/,FOOD AND NON-ALCOHOLIC BEVERAGES,Cheap Basket
SWS tomato paste 425g,"Sauces, condiments",sws-tomato-paste-425g/,FOOD AND NON-ALCOHOLIC BEVERAGES,Cheap Basket
MITSIDES passata 3x500g (Economy Pack),"Sauces, condiments",en/mitsides-passata-3x500g,FOOD AND NON-ALCOHOLIC BEVERAGES,Cheap Basket
stock MAGGI cubes chicken (12pcs) 132g,"Sauces, condiments",stock-maggi-cubes-chicken-12pcs-132g/,FOOD AND NON-ALCOHOLIC BEVERAGES,Cheap Basket
stock MAGGI cubes vegetable (12pcs) 132g,"Sauces, condiments",stock-maggi-cubes-vegetable-12pcs-132g/,FOOD AND NON-ALCOHOLIC BEVERAGES,Cheap Basket
stock MAGGI cubes for pasta (12pcs) 132g,"Sauces, condiments",stock-maggi-cubes-for-pasta-12pcs-132g/,FOOD AND NON-ALCOHOLIC BEVERAGES,Cheap Basket
stock KNORR cubes chicken (12pcs) 120g,"Sauces, condiments",stock-knorr-cubes-chicken-12pcs-120g/,FOOD AND NON-ALCOHOLIC BEVERAGES,Cheap Basket
stock KNORR cubes vegetables without salt (8pcs) 72g,"Sauces, condiments",stock-knorr-cubes-vegetables-without-salt-8pcs-72g/,FOOD AND NON-ALCOHOLIC BEVERAGES,Cheap Basket
AMBROSIA sunflower oil 4L,Other edible oils,ambrosia-sunflower-oil-4l/,FOOD AND NON-ALCOHOLIC BEVERAGES,Cheap Basket
RIO MARE tuna in olive oil 2 X 160g,"Dried, smoked or salted fish and seafood",rio-mare-tuna-in-olive-oil-2-x-160g/,FOOD AND NON-ALCOHOLIC BEVERAGES,Cheap Basket
RIO MARE tuna in olive oil 3x80g,"Dried, smoked or salted fish and seafood",rio-mare-tuna-in-olive-oil-3x80g/,FOOD AND NON-ALCOHOLIC BEVERAGES,Cheap Basket
TRATA smoked herring fillet 150g,"Dried, smoked or salted fish and seafood",trata-smoked-herring-fillet-150g/,FOOD AND NON-ALCOHOLIC BEVERAGES,Cheap Basket
FLOKOS Mackeler Fillet 150g – Smoked in Vegetable Oil,"Dried, smoked or salted fish and seafood",flokos-mackeler-fillet-150g-smoked-in-vegetable-oil/,FOOD AND NON-ALCOHOLIC BEVERAGES,Cheap Basket
CHAMEAU anchovies flat fillets 50g,"Dried, smoked or salted fish and seafood",chameau-anchovies-flat-fillets-50g/,FOOD AND NON-ALCOHOLIC BEVERAGES,Cheap Basket
KARLA corned beef 340g,Other meat preparations,karla-corned-beef-340g/,FOOD AND NON-ALCOHOLIC BEVERAGES,Cheap Basket
TULIP chopped ham 200g,Other meat preparations,tulip-chopped-ham-200g/,FOOD AND NON-ALCOHOLIC BEVERAGES,Cheap Basket
ZWAN luncheon meat chicken 200g,Other meat preparations,zwan-luncheon-meat-chicken-200g/,FOOD AND NON-ALCOHOLIC BEVERAGES,Cheap Basket
MESOGIOS Chickpeas 400g,"Dried vegetables, other preserved or processed vegetables",mesogios-chickpeas-400g/,FOOD AND NON-ALCOHOLIC BEVERAGES,Cheap Basket
MESOGIOS sweet corn 340g,"Dried vegetables, other preserved or processed vegetables",mesogios-sweet-corn-340g/,FOOD AND NON-ALCOHOLIC BEVERAGES,Cheap Basket
MESOGIOS sliced mushrooms 400g,"Dried vegetables, other preserved or processed vegetables",mesogios-sliced-mushrooms-400g/,FOOD AND NON-ALCOHOLIC BEVERAGES,Cheap Basket
NOYNOY sweetened condensed milk 397g,Other milk products,noynoy-sweetened-condensed-milk-397g/,FOOD AND NON-ALCOHOLIC BEVERAGES,Cheap Basket
soup HEINZ vegetable 400g,Other food products n.e.c.,soup-heinz-vegetable-400g/,FOOD AND NON-ALCOHOLIC BEVERAGES,Cheap Basket
FROU FROU Joker 300g (9+3 FREE),Other food products n.e.c.,frou-frou-joker-300g-93-free/,FOOD AND NON-ALCOHOLIC BEVERAGES,Cheap Basket
FROU FROU morning coffee 150g,Other food products n.e.c.,frou-frou-morning-coffee-150g/,FOOD AND NON-ALCOHOLIC BEVERAGES,Cheap Basket
KINDER chocolate 4x50g,Other food products n.e.c.,kinder-chocolate-4x50g/,FOOD AND NON-ALCOHOLIC BEVERAGES,Cheap Basket
OREO Original creme biscuits 154g,Other food products n.e.c.,oreo-original-creme-biscuits-154g/,FOOD AND NON-ALCOHOLIC BEVERAGES,Cheap Basket
PAPADOPOULOS sandwich biscuits 200g – chocolate cream filling,Other food products n.e.c.,papadopoulos-sandwich-biscuits-200g-chocolate-cream-filling/,FOOD AND NON-ALCOHOLIC BEVERAGES,Cheap Basket
flour MITSIDES all purpose 1kg,Flours and other cereals,flour-mitsides-all-purpose-1kg/,FOOD AND NON-ALCOHOLIC BEVERAGES,Cheap Basket
BAKANDYS couverture (4×37.5g)150g – milk chocolate,Chocolate,bakandys-couverture-4x37-5g150g-milk-chocolate/,FOOD AND NON-ALCOHOLIC BEVERAGES,Cheap Basket
starch AMALIA maize powdered 500g,Confectionery products,starch-amalia-maize-powdered-500g/,FOOD AND NON-ALCOHOLIC BEVERAGES,Cheap Basket
starch MONAMI corn flour 350g,Confectionery products,starch-monami-corn-flour-350g/,FOOD AND NON-ALCOHOLIC BEVERAGES,Cheap Basket
lady fingers BAKANDYS 200g,Confectionery products,lady-fingers-bakandys-200g/,FOOD AND NON-ALCOHOLIC BEVERAGES,Cheap Basket
yeast YIOTIS dry instant (3 sachets x 8g) 24g,Confectionery products,yeast-yiotis-dry-instant-3-sachets-x-8g-24g/,FOOD AND NON-ALCOHOLIC BEVERAGES,Cheap Basket
SPRY pure vegetable shortening 350g,Confectionery products,spry-pure-vegetable-shortening-350g-2/,FOOD AND NON-ALCOHOLIC BEVERAGES,Cheap Basket
TOMATOES local 1Kg,Fresh or chilled vegetables other than potatoes and other tubers,tomatoes-local-1kg/,FOOD AND NON-ALCOHOLIC BEVERAGES,Cheap Basket
CUCUMBERS local 1Kg,Fresh or chilled vegetables other than potatoes and other tubers,cucumbers-local-1kg/,FOOD AND NON-ALCOHOLIC BEVERAGES,Cheap Basket
CHERRY TOMATOES local 500g,Fresh or chilled vegetables other than potatoes and other tubers,cherry-tomatoes-local-500g/,FOOD AND NON-ALCOHOLIC BEVERAGES,Cheap Basket
PEPPERS green local 750g,Fresh or chilled vegetables other than potatoes and other tubers,peppers-green-local-750g/,FOOD AND NON-ALCOHOLIC BEVERAGES,Cheap Basket
POTATOES fresh local 3Kg bag,Potatoes,potatoes-fresh-local-3kg-bag/,FOOD AND NON-ALCOHOLIC BEVERAGES,Cheap Basket
BANANAS imported 1kg,Fresh or chilled fruit,bananas-imported-1kg/,FOOD AND NON-ALCOHOLIC BEVERAGES,Cheap Basket
APPLES pink lady 1kg,Fresh or chilled fruit,apples-pink-lady-1kg/,FOOD AND NON-ALCOHOLIC BEVERAGES,Cheap Basket
GRAPES RED 1kg,Fresh or chilled fruit,grapes-red-1kg/,FOOD AND NON-ALCOHOLIC BEVERAGES,Cheap Basket
GRAPES white 1kg,Fresh or chilled fruit,grapes-white-1kg/,FOOD AND NON-ALCOHOLIC BEVERAGES,Cheap Basket
APPLES grany smith imported 1kg,Fresh or chilled fruit,apples-grany-smith-imported-1kg/,FOOD AND NON-ALCOHOLIC BEVERAGES,Cheap Basket
PEARS imported 1kg,Fresh or chilled fruit,pears-imported-1kg/,FOOD AND NON-ALCOHOLIC BEVERAGES,Cheap Basket
APPLES galant 1kg,Fresh or chilled fruit,apples-galant-1kg/,FOOD AND NON-ALCOHOLIC BEVERAGES,Cheap Basket
BLUEBERRIES 125g,Fresh or chilled fruit,blueberries-125g/,FOOD AND NON-ALCOHOLIC BEVERAGES,Cheap Basket
APPLES golden delicious 1kg,Fresh or chilled fruit,apples-golden-delicious-1kg/,FOOD AND NON-ALCOHOLIC BEVERAGES,Cheap Basket
APPLES starkin imported 1kg,Fresh or chilled fruit,apples-starkin-imported-1kg/,FOOD AND NON-ALCOHOLIC BEVERAGES,Cheap Basket
ORANGES merlin 1kg,Fresh or chilled fruit,oranges-merlin-1kg/,FOOD AND NON-ALCOHOLIC BEVERAGES,Cheap Basket
PINEAPPLE imported apprx 1.500kg,Fresh or chilled fruit,pineapple-imported-apprx-1-500kg/,FOOD AND NON-ALCOHOLIC BEVERAGES,Cheap Basket
MANGO imported apprx 500g,Fresh or chilled fruit,mango-imported-apprx-500g/,FOOD AND NON-ALCOHOLIC BEVERAGES,Cheap Basket
COCONUT per piece,Fresh or chilled fruit,coconut-per-piece/,FOOD AND NON-ALCOHOLIC BEVERAGES,Cheap Basket
ARLYCO pork neck chops apprx 850g – 900g,Pork,arlyco-pork-neck-chops-apprx-850g-900g/,FOOD AND NON-ALCOHOLIC BEVERAGES,Cheap Basket
ARLYCO pork shoulder for souvla apprx 1500g,Pork,arlyco-pork-shoulder-for-souvla-apprx-1500g/,FOOD AND NON-ALCOHOLIC BEVERAGES,Cheap Basket
LAMB LEG for souvla ( per Kg ),Lamb and goat,lamb-leg-for-souvla-per-kg/,FOOD AND NON-ALCOHOLIC BEVERAGES,Cheap Basket
LAMB CHOPS ( per Kg ),Lamb and goat,lamb-chops-per-kg/,FOOD AND NON-ALCOHOLIC BEVERAGES,Cheap Basket
ARLYCO Beef minced meat 650g,Beef and veal,arlyco-beef-minced-meat-650g/,FOOD AND NON-ALCOHOLIC BEVERAGES,Cheap Basket
long life BERTI semi-skimmed milk 1.5% fat 1L,Low fat milk,long-life-berti-semi-skimmed-milk-1-5-fat-1l/,FOOD AND NON-ALCOHOLIC BEVERAGES,Cheap Basket
ROYAL sweetened condensed milk 397g,Low fat milk,royal-sweetened-condensed-milk-397g/,FOOD AND NON-ALCOHOLIC BEVERAGES,Cheap Basket
LANITIS milk semi skimmed 1.5% 2L,Low fat milk,lanitis-milk-semi-skimmed-1-5-2l/,FOOD AND NON-ALCOHOLIC BEVERAGES,Cheap Basket
LANITIS milk semi skimmed 1.5% 1.5L,Low fat milk,lanitis-milk-semi-skimmed-1-5-1-5l/,FOOD AND NON-ALCOHOLIC BEVERAGES,Cheap Basket
LANITIS milk full fat 3% 2L,Whole milk,lanitis-milk-full-fat-3-2l/,FOOD AND NON-ALCOHOLIC BEVERAGES,Cheap Basket
yogurt ZITA strained 1kg,Yoghurt,yogurt-zita-strained-1kg/,FOOD AND NON-ALCOHOLIC BEVERAGES,Cheap Basket
yogurt ZITA strained 1kg – 0% fat,Yoghurt,yogurt-zita-strained-1kg-0-fat/,FOOD AND NON-ALCOHOLIC BEVERAGES,Cheap Basket
Traditional yogurt ALAMBRA GIAGIA 700g,Yoghurt,traditional-yogurt-alambra-giagia-700g/,FOOD AND NON-ALCOHOLIC BEVERAGES,Cheap Basket
butter KERRYGOLD salted 250g,Butter,butter-kerrygold-salted-250g/,FOOD AND NON-ALCOHOLIC BEVERAGES,Cheap Basket
margarine VITALITE Light 500g,Margarine and other vegetable fats,margarine-vitalite-light-500g/,FOOD AND NON-ALCOHOLIC BEVERAGES,Cheap Basket
margarine FLORA original 450g – 100% plant based,Margarine and other vegetable fats,margarine-flora-original-450g-100-plant-based/,FOOD AND NON-ALCOHOLIC BEVERAGES,Cheap Basket
margarine FLORA light 450g – 100% plant based,Margarine and other vegetable fats,margarine-flora-light-450g-100-plant-based/,FOOD AND NON-ALCOHOLIC BEVERAGES,Cheap Basket
oats QUAKER (tin) 500g,Breakfast cereals,oats-quaker-tin-500g/,FOOD AND NON-ALCOHOLIC BEVERAGES,Cheap Basket
OREO Os cereal 350g,Breakfast cereals,oreo-os-cereal-350g/,FOOD AND NON-ALCOHOLIC BEVERAGES,Cheap Basket
KELLOGGS corn flakes 375g,Breakfast cereals,kelloggs-corn-flakes-375g/,FOOD AND NON-ALCOHOLIC BEVERAGES,Cheap Basket
KELLOGGS SPECIAL K Classic 335g,Breakfast cereals,kelloggs-special-k-classic-335g/,FOOD AND NON-ALCOHOLIC BEVERAGES,Cheap Basket
Kelloggs Crunchy Nut 375g,Breakfast cereals,kelloggs-crunchy-nut-with-honey-375g/,FOOD AND NON-ALCOHOLIC BEVERAGES,Cheap Basket
ALWAYS Ultra Night 12pcs – Secure Night,"Articles for personal hygiene and wellness, esoteric products and beauty products",always-ultra-night-12pcs-secure-night-2/,MISCELLANEOUS GOODS AND SERVICES,Cheap Basket
shaving foam GILLETTE 200ml – regular / normal,"Articles for personal hygiene and wellness, esoteric products and beauty products",shaving-foam-gillette-200ml-regular-normal-2/,MISCELLANEOUS GOODS AND SERVICES,Cheap Basket
JOHNSONS cotton buds 100pcs,"Articles for personal hygiene and wellness, esoteric products and beauty products",johnsons-cotton-buds-100pcs/,MISCELLANEOUS GOODS AND SERVICES,Cheap Basket
NEUTRO ROBERTS deodorant roll-on 50ml – Delicate,"Articles for personal hygiene and wellness, esoteric products and beauty products",neutro-roberts-deodorant-roll-on-50ml-delicate/,MISCELLANEOUS GOODS AND SERVICES,Cheap Basket
NIVEA Men deodorant 150ml dry impact72h,"Articles for personal hygiene and wellness, esoteric products and beauty products",nivea-men-deodorant-150ml-dry-impact72h/,MISCELLANEOUS GOODS AND SERVICES,Cheap Basket
KLEENEX Scottonelle toilet paper white 160 sheets x 2ply (24pcs + 8 FREE),"Articles for personal hygiene and wellness, esoteric products and beauty products",kleenex-scottonelle-toilet-paper-white-160-sheets-x-2ply-24pcs-8-free-2/,MISCELLANEOUS GOODS AND SERVICES,Cheap Basket
LISTERINE MOUTHWASH mild 250ml – Cool Mint,"Articles for personal hygiene and wellness, esoteric products and beauty products",listerine-mouthwash-mild-250ml-cool-mint/,MISCELLANEOUS GOODS AND SERVICES,Cheap Basket
toothpaste COLGATE 2x75ml – Herbal Original (1+1 FREE),"Articles for personal hygiene and wellness, esoteric products and beauty products",toothpaste-colgate-2x75ml-herbal-original-11-free/,MISCELLANEOUS GOODS AND SERVICES,Cheap Basket
ALWAYS Daily Protect extra long 24pcs – Extra Large,"Articles for personal hygiene and wellness, esoteric products and beauty products",always-daily-protect-extra-long-24pcs-extra-large/,MISCELLANEOUS GOODS AND SERVICES,Cheap Basket
GILLETTE Blue 2 Plus disposable razors 10pcs,"Articles for personal hygiene and wellness, esoteric products and beauty products",gillette-blue-2-plus-disposable-razors-10pcs/,MISCELLANEOUS GOODS AND SERVICES,Cheap Basket
KEO VSOP brandy 1L,Spirits and liqueurs,keo-vsop-brandy-1l/,ALCOHOLIC BEVERAGES AND TOBACCO,Cheap Basket
GORDONS London Dry Gin 700ml,Spirits and liqueurs,gordons-london-dry-gin-700ml/,ALCOHOLIC BEVERAGES AND TOBACCO,Cheap Basket
BAILEYS Original 700ml,Spirits and liqueurs,baileys-original-700ml/,ALCOHOLIC BEVERAGES AND TOBACCO,Cheap Basket
BACARDI CARTA BLANCA 700ml,Spirits and liqueurs,bacardi-carta-blanca-700ml/,ALCOHOLIC BEVERAGES AND TOBACCO,Cheap Basket
KOPPARBERG strawberry & lime cider tin 500ml,Spirits and liqueurs,kopparberg-strawberry-lime-cider-tin-500ml/,ALCOHOLIC BEVERAGES AND TOBACCO,Cheap Basket
SOMERSBY apple cider bottle 330ml,Spirits and liqueurs,somersby-apple-cider-bottle-330ml/,ALCOHOLIC BEVERAGES AND TOBACCO,Cheap Basket
tea NATURAL LIFE (20pcs) 20g – Chamomile (100% natural herbs caffeine free),Tea,tea-natural-life-20pcs-20g-chamomile-100-natural-herbs-caffeine-free/,FOOD AND NON-ALCOHOLIC BEVERAGES,Cheap Basket
tea LIPTON yellow label (20pcs) 30g,Tea,tea-lipton-yellow-label-20pcs-30g-2/,FOOD AND NON-ALCOHOLIC BEVERAGES,Cheap Basket
tea AHMAD English Breakfast (20pcs) 40g,Tea,tea-ahmad-english-breakfast-20pcs-40g/,FOOD AND NON-ALCOHOLIC BEVERAGES,Cheap Basket
NESCAFE classic 200g,Coffee,product/nescafe-classic-200g/,FOOD AND NON-ALCOHOLIC BEVERAGES,Cheap Basket
NESCAFE classic 100g,Coffee,nescafe-classic-100g/,FOOD AND NON-ALCOHOLIC BEVERAGES,Cheap Basket
JACOBS CRONAT GOLD instant coffee 100g,Coffee,jacobs-cronat-gold-instant-coffee-100g/,FOOD AND NON-ALCOHOLIC BEVERAGES,Cheap Basket
cyprus coffee – LAIKON gold 200g,Coffee,cyprus-coffee-laikon-gold-200g/,FOOD AND NON-ALCOHOLIC BEVERAGES,Cheap Basket
cyprus coffee – G. CHARALAMBOUS Green 200g – Classic,Coffee,cyprus-coffee-g-charalambous-green-200g-classic/,FOOD AND NON-ALCOHOLIC BEVERAGES,Cheap Basket
cyprus coffee – LAIKON gold for coffee machine 500g,Coffee,cyprus-coffee-laikon-gold-for-coffee-machine-500g/,FOOD AND NON-ALCOHOLIC BEVERAGES,Cheap Basket
JACOBS EKLEKTOS instant coffee 100g,Coffee,jacobs-eklektos-instant-coffee-100g/,FOOD AND NON-ALCOHOLIC BEVERAGES,Cheap Basket
NESCAFE freddo espresso intenso AZERA 90g,Coffee,nescafe-freddo-espresso-intenso-azera-90g/,FOOD AND NON-ALCOHOLIC BEVERAGES,Cheap Basket
NESCAFE classic decaf 100g,Coffee,nescafe-classic-decaf-100g/,FOOD AND NON-ALCOHOLIC BEVERAGES,Cheap Basket
cyprus coffee – G. CHARALAMBOUS Green 500g – Classic,Coffee,cyprus-coffee-g-charalambous-green-500g-classic/,FOOD AND NON-ALCOHOLIC BEVERAGES,Cheap Basket
instant coffee – CELEST CAFE 200g,Coffee,instant-coffee-celest-cafe-200g/,FOOD AND NON-ALCOHOLIC BEVERAGES,Cheap Basket
can COCA COLA 8x330ml,Soft drinks,can-coca-cola-8x330ml/,FOOD AND NON-ALCOHOLIC BEVERAGES,Cheap Basket
can SPRITE lemon lime 6x330ml,Soft drinks,can-sprite-lemon-lime-6x330ml/,FOOD AND NON-ALCOHOLIC BEVERAGES,Cheap Basket
can SCHWEPPES pink grapefruit 6x330ml,Soft drinks,can-schweppes-pink-grapefruit-6x330ml/,FOOD AND NON-ALCOHOLIC BEVERAGES,Cheap Basket
can FANTA orange 6x330ml (30% less sugar),Soft drinks,can-fanta-orange-6x330ml-30-less-sugar/,FOOD AND NON-ALCOHOLIC BEVERAGES,Cheap Basket
can 7UP 8x330ml,Soft drinks,can-7up-8x330ml/,FOOD AND NON-ALCOHOLIC BEVERAGES,Cheap Basket
can COCA COLA 8x330ml zero,Soft drinks,can-coca-cola-8x330ml-zero/,FOOD AND NON-ALCOHOLIC BEVERAGES,Cheap Basket
can PEPSI 8x330ml,Soft drinks,can-pepsi-8x330ml/,FOOD AND NON-ALCOHOLIC BEVERAGES,Cheap Basket
can SCHWEPPES soda water 6x330ml,Soft drinks,can-schweppes-soda-water-6x330ml/,FOOD AND NON-ALCOHOLIC BEVERAGES,Cheap Basket
can 7UP Zero Sugar 8x330ml,Soft drinks,can-7up-zero-sugar-8x330ml/,FOOD AND NON-ALCOHOLIC BEVERAGES,Cheap Basket
KEAN juice ORANGE 1L,Fruit and vegetable juices,kean-juice-orange-1l/,FOOD AND NON-ALCOHOLIC BEVERAGES,Cheap Basket
KEANITA fruit drink ORANGE 9x250ml,Fruit and vegetable juices,keanita-fruit-drink-orange-9x250ml/,FOOD AND NON-ALCOHOLIC BEVERAGES,Cheap Basket
KEAN juice APPLE 9x250ml,Fruit and vegetable juices,kean-juice-apple-9x250ml/,FOOD AND NON-ALCOHOLIC BEVERAGES,Cheap Basket
KEAN juice APPLE 1L,Fruit and vegetable juices,kean-juice-apple-1l/,FOOD AND NON-ALCOHOLIC BEVERAGES,Cheap Basket
KEAN juice 5 FRUIT COCKTAIL 1L,Fruit and vegetable juices,kean-juice-5-fruit-cocktail-1l/,FOOD AND NON-ALCOHOLIC BEVERAGES,Cheap Basket
KEO juice ORANGE 1L,Fruit and vegetable juices,keo-juice-orange-1l/,FOOD AND NON-ALCOHOLIC BEVERAGES,Cheap Basket
LANITIS fruit drink ORANGE  APRICOT & APPLE 1L,Fruit and vegetable juices,lanitis-fruit-drink-orange-apricot-apple-1l/,FOOD AND NON-ALCOHOLIC BEVERAGES,Cheap Basket
KEAN juice APPLE 1L,Fruit and vegetable juices,kean-juice-apple-1l/,FOOD AND NON-ALCOHOLIC BEVERAGES,Cheap Basket
KEAN juice TOMATO 1L,Fruit and vegetable juices,kean-juice-tomato-1l/,FOOD AND NON-ALCOHOLIC BEVERAGES,Cheap Basket
KEAN nectar MANGO 1L,Fruit and vegetable juices,kean-nectar-mango-1l/,FOOD AND NON-ALCOHOLIC BEVERAGES,Cheap Basket
KEO juice APPLE 1L,Fruit and vegetable juices,keo-juice-apple-1l/,FOOD AND NON-ALCOHOLIC BEVERAGES,Cheap Basket
KEO juice TOMATO 1L,Fruit and vegetable juices,keo-juice-tomato-1l/,FOOD AND NON-ALCOHOLIC BEVERAGES,Cheap Basket
LANITIS juice ORANGE 1L,Fruit and vegetable juices,lanitis-juice-orange-1l/,FOOD AND NON-ALCOHOLIC BEVERAGES,Cheap Basket
KEAN fruit drink CRANBERRY 1L,Fruit and vegetable juices,kean-fruit-drink-cranberry-1l/,FOOD AND NON-ALCOHOLIC BEVERAGES,Cheap Basket
CADBURY drinking chocolate 250g,Cocoa and powdered chocolate,cadbury-drinking-chocolate-250g/,FOOD AND NON-ALCOHOLIC BEVERAGES,Cheap Basket
CADBURY cocoa powder 125g,Cocoa and powdered chocolate,cadbury-cocoa-powder-125g/,FOOD AND NON-ALCOHOLIC BEVERAGES,Cheap Basket
HIPP organic baby cereal 200g – Rice (gluten free),Baby food,hipp-organic-baby-cereal-200g-rice-gluten-free/,FOOD AND NON-ALCOHOLIC BEVERAGES,Cheap Basket
NESTLE farin lactee 300g,Baby food,nestle-farin-lactee-300g/,FOOD AND NON-ALCOHOLIC BEVERAGES,Cheap Basket
YIOTIS farine lactee 300g (€0.20 OFF),Baby food,yiotis-farine-lactee-300g-e0-20-off/,FOOD AND NON-ALCOHOLIC BEVERAGES,Cheap Basket
NAN 4 optipro baby formula 400g,Baby food,/nan-4-optipro-baby-formula-400g/,FOOD AND NON-ALCOHOLIC BEVERAGES,Cheap Basket
S-26 Progress Gold baby formula 400g Stage 3,Baby food,s-26-progress-gold-baby-formula-400g-stage-3/,FOOD AND NON-ALCOHOLIC BEVERAGES,Cheap Basket
EUREKA liquid Massalias 48 washes 2.4L – Mastic Oil & Jasmine (€4 LESS),Cleaning and maintenance products,eureka-liquid-massalias-48-washes-2-4l-mastic-oil-jasmine-e4-less/,"FURNISHING, HOUSEHOLD EQUIPMENT AND SUPPLIES ",Cheap Basket
COMFORT 2L – Pure,Cleaning and maintenance products,comfort-2l-pure/,"FURNISHING, HOUSEHOLD EQUIPMENT AND SUPPLIES ",Cheap Basket
LENOR Escape 55 washes 1.155L – Ginger & Guava,Cleaning and maintenance products,lenor-escape-55-washes-1-155l-ginger-guava/,"FURNISHING, HOUSEHOLD EQUIPMENT AND SUPPLIES ",Cheap Basket
EUREKA active care powder 50 washes 2.750 kg – Ocean Freshness,Cleaning and maintenance products,eureka-active-care-powder-50-washes-2-750-kg-ocean-freshness/,"FURNISHING, HOUSEHOLD EQUIPMENT AND SUPPLIES ",Cheap Basket
ARIEL powder 50 washes 3.250kg – Alpine,Cleaning and maintenance products,ariel-powder-50-washes-3-250kg-alpine/,"FURNISHING, HOUSEHOLD EQUIPMENT AND SUPPLIES ",Cheap Basket
DETTOL disinfectant liquid 500ml,Cleaning and maintenance products,dettol-disinfectant-liquid-500ml/,"FURNISHING, HOUSEHOLD EQUIPMENT AND SUPPLIES ",Cheap Basket
CIF cream classic 500ml,Cleaning and maintenance products,cif-cream-classic-500ml/,"FURNISHING, HOUSEHOLD EQUIPMENT AND SUPPLIES ",Cheap Basket
KLINEX spray multipurpose with bleach 750ml,Cleaning and maintenance products,klinex-spray-multipurpose-with-bleach-750ml/,"FURNISHING, HOUSEHOLD EQUIPMENT AND SUPPLIES ",Cheap Basket
AJAX multi purpose cleaner 4in1 spray 500ml,Cleaning and maintenance products,ajax-multi-purpose-cleaner-4in1-spray-500ml-2/,"FURNISHING, HOUSEHOLD EQUIPMENT AND SUPPLIES ",Cheap Basket
FAIRY Ultra liquid 900ml – Original,Cleaning and maintenance products,fairy-ultra-liquid-900ml-original/,"FURNISHING, HOUSEHOLD EQUIPMENT AND SUPPLIES ",Cheap Basket
EUREKA dishwash liquid 750ml – Lemon,Cleaning and maintenance products,eureka-dishwash-liquid-750ml-lemon/,"FURNISHING, HOUSEHOLD EQUIPMENT AND SUPPLIES ",Cheap Basket
COMFORT Gold 2L – Lilies & Wild Berries,Cleaning and maintenance products,comfort-gold-2l-lilies-wild-berries/,"FURNISHING, HOUSEHOLD EQUIPMENT AND SUPPLIES ",Cheap Basket
COMFORT 4L – Pure,Cleaning and maintenance products,comfort-4l-pure/,"FURNISHING, HOUSEHOLD EQUIPMENT AND SUPPLIES ",Cheap Basket
COMFORT Gold 4L – Lilies & Wild Berries,Cleaning and maintenance products,comfort-gold-4l-lilies-wild-berries/,"FURNISHING, HOUSEHOLD EQUIPMENT AND SUPPLIES ",Cheap Basket
DIXAN powder Plus 44 washes 2.2kg – Multicolor,Cleaning and maintenance products,dixan-powder-plus-44-washes-2-2kg-multicolor/,"FURNISHING, HOUSEHOLD EQUIPMENT AND SUPPLIES ",Cheap Basket
EUREKA liquid Massalias 48 washes 2.4L – Flower Garden (€4 LESS),Cleaning and maintenance products,eureka-liquid-massalias-48-washes-2-4l-flower-garden-e4-less/,"FURNISHING, HOUSEHOLD EQUIPMENT AND SUPPLIES ",Cheap Basket
feta cheese DODONI in brine 400g,Cheese and curd,feta-cheese-dodoni-in-brine-400g/,FOOD AND NON-ALCOHOLIC BEVERAGES,Cheap Basket
cream cheese ARLA natural 200g,Cheese and curd,cream-cheese-arla-natural-200g-2/,FOOD AND NON-ALCOHOLIC BEVERAGES,Cheap Basket
cheese LA VACHE QUI RIT portions (128g) 8pcs – Original,Cheese and curd,cheese-la-vache-qui-rit-portions-128g-8pcs-original/,FOOD AND NON-ALCOHOLIC BEVERAGES,Cheap Basket
cream cheese PHILADELPHIA original 200g,Cheese and curd,cream-cheese-philadelphia-original-200g/,FOOD AND NON-ALCOHOLIC BEVERAGES,Cheap Basket
cheese VEPO cheddar slices 200g,Cheese and curd,cheese-vepo-cheddar-slices-200g/,FOOD AND NON-ALCOHOLIC BEVERAGES,Cheap Basket
REGINA Canelloni 400g,Ready-made meals,regina-canelloni-400g/,FOOD AND NON-ALCOHOLIC BEVERAGES,Cheap Basket
KEO white dry wine 1L,Wine from grapes,keo-white-dry-wine-1l/,ALCOHOLIC BEVERAGES AND TOBACCO,Cheap Basket
MATEUS rose sparkling wine 750ml,Wine from grapes,mateus-rose-sparkling-wine-750ml/,ALCOHOLIC BEVERAGES AND TOBACCO,Cheap Basket
PERIC water Agrou 12×0.5L,Mineral or spring waters,peric-water-agrou-12x0-5l/,FOOD AND NON-ALCOHOLIC BEVERAGES,Cheap Basket
PERIC water Agrou 6×1.5L,Mineral or spring waters,peric-water-agrou-6x1-5l/,FOOD AND NON-ALCOHOLIC BEVERAGES,Cheap Basket
KYKKOS natural mineral water 12×0.5L,Mineral or spring waters,kykkos-natural-mineral-water-12x0-5l/,FOOD AND NON-ALCOHOLIC BEVERAGES,Cheap Basket
KYKKOS natural mineral water 6×1.5L,Mineral or spring waters,kykkos-natural-mineral-water-6x1-5l/,FOOD AND NON-ALCOHOLIC BEVERAGES,Cheap Basket
SAINT NICHOLAS natural mineral water 6×1.5L,Mineral or spring waters,saint-nicholas-natural-mineral-water-6x1-5l/,FOOD AND NON-ALCOHOLIC BEVERAGES,Cheap Basket
SEVYCO white tuna in water 4x95g,Other preserved or processed fish and seafood-based preparations,sevyco-white-tuna-in-water-4x95g/,FOOD AND NON-ALCOHOLIC BEVERAGES,Cheap Basket
SEVYCO roze tuna in water 4x185g,Other preserved or processed fish and seafood-based preparations,sevyco-roze-tuna-in-water-4x185g/,FOOD AND NON-ALCOHOLIC BEVERAGES,Cheap Basket
RIO MARE tuna in olive oil 2 X 160g,Other preserved or processed fish and seafood-based preparations,rio-mare-tuna-in-olive-oil-2-x-160g/,FOOD AND NON-ALCOHOLIC BEVERAGES,Cheap Basket
RIO MARE tuna al Naturale (in brine) 3X80g,Other preserved or processed fish and seafood-based preparations,rio-mare-tuna-al-naturale-in-brine-3x80g/,FOOD AND NON-ALCOHOLIC BEVERAGES,Cheap Basket
