Date,Name,Subclass,Url,Division,Retailer
2024-04-25,JohnsonsΜπατονέτες200Τεμ,"Articles for personal hygiene and wellness, esoteric products and beauty products",johnsons-mpatonetes-200tem,MISCELLANEOUS GOODS AND SERVICES,SupermarketCy
2024-04-25, LOUKAS P. LOUKA &amp; YIOS LIMITED,,loukas-p-louka-yios-limited?ref=listtile,,Fuel Daddy
2024-04-25,Bdtk Women Shorts With Button Down Sides (1231-903805),Garments for women,/products/bdtk-women-shorts-with-button-down-sides-1231-903805-1231-903805-00209,CLOTHING AND FOOTWEAR,FamousSports
2024-04-25,Smart Watch Marea Bluetooth Talk Μαύρο B63002-1,Clocks and watches,https://evdokiajewellery.com/product/smart-watch-marea-bluetooth-talk-%ce%bc%ce%b1%cf%8d%cf%81%ce%bf-b63002-1,MISCELLANEOUS GOODS AND SERVICES,Evdokia Jewellery
2024-04-25,Ρολόι Q&Q VR99J009Y,Clocks and watches,https://evdokiajewellery.com/product/%cf%81%ce%bf%ce%bb%cf%8c%ce%b9-qq-vr99j009y,MISCELLANEOUS GOODS AND SERVICES,Evdokia Jewellery
2024-04-25,Ρολόι Q&Q VR99J001Y,Clocks and watches,https://evdokiajewellery.com/product/%cf%81%ce%bf%ce%bb%cf%8c%ce%b9-qq-vr99j001y,MISCELLANEOUS GOODS AND SERVICES,Evdokia Jewellery
2024-04-26,JohnsonsΜπατονέτες200Τεμ,"Articles for personal hygiene and wellness, esoteric products and beauty products",johnsons-mpatonetes-200tem,MISCELLANEOUS GOODS AND SERVICES,SupermarketCy
2024-04-26,3AQuinoa400g,Other cereal products,3a-kinoa-trikolore-400g,FOOD AND NON-ALCOHOLIC BEVERAGES,SupermarketCy
2024-04-26, LOUKAS P. LOUKA &amp; YIOS LIMITED,,loukas-p-louka-yios-limited?ref=listtile,,Fuel Daddy
2024-04-26,Bdtk Women Shorts With Button Down Sides (1231-903805),Garments for women,/products/bdtk-women-shorts-with-button-down-sides-1231-903805-1231-903805-00209,CLOTHING AND FOOTWEAR,FamousSports
2024-04-26,GIGA Unlimited,Bundled telecommunication services,https://primetel.com.cy/giga-unlimited/en,COMMUNICATION,Primetel
2024-04-26,GIGA Unlimited Plus,Bundled telecommunication services,https://primetel.com.cy/giga-unlimited/en,COMMUNICATION,Primetel
2024-04-26,GIGA Unlimited MAX,Bundled telecommunication services,https://primetel.com.cy/giga-unlimited/en,COMMUNICATION,Primetel
2024-04-26,Smart Watch Marea Bluetooth Talk Μαύρο B63002-1,Clocks and watches,https://evdokiajewellery.com/product/smart-watch-marea-bluetooth-talk-%ce%bc%ce%b1%cf%8d%cf%81%ce%bf-b63002-1,MISCELLANEOUS GOODS AND SERVICES,Evdokia Jewellery
2024-04-26,Ρολόι Q&Q VR99J009Y,Clocks and watches,https://evdokiajewellery.com/product/%cf%81%ce%bf%ce%bb%cf%8c%ce%b9-qq-vr99j009y,MISCELLANEOUS GOODS AND SERVICES,Evdokia Jewellery
2024-04-26,Ρολόι Q&Q VR99J001Y,Clocks and watches,https://evdokiajewellery.com/product/%cf%81%ce%bf%ce%bb%cf%8c%ce%b9-qq-vr99j001y,MISCELLANEOUS GOODS AND SERVICES,Evdokia Jewellery
2024-04-27,JohnsonsΜπατονέτες200Τεμ,"Articles for personal hygiene and wellness, esoteric products and beauty products",johnsons-mpatonetes-200tem,MISCELLANEOUS GOODS AND SERVICES,SupermarketCy
2024-04-27,3AQuinoa400g,Other cereal products,3a-kinoa-trikolore-400g,FOOD AND NON-ALCOHOLIC BEVERAGES,SupermarketCy
2024-04-27, LOUKAS P. LOUKA &amp; YIOS LIMITED,,loukas-p-louka-yios-limited?ref=listtile,,Fuel Daddy
2024-04-27,Bdtk Women Shorts With Button Down Sides (1231-903805),Garments for women,/products/bdtk-women-shorts-with-button-down-sides-1231-903805-1231-903805-00209,CLOTHING AND FOOTWEAR,FamousSports
2024-04-27,GIGA Unlimited,Bundled telecommunication services,https://primetel.com.cy/giga-unlimited/en,COMMUNICATION,Primetel
2024-04-27,GIGA Unlimited Plus,Bundled telecommunication services,https://primetel.com.cy/giga-unlimited/en,COMMUNICATION,Primetel
2024-04-27,GIGA Unlimited MAX,Bundled telecommunication services,https://primetel.com.cy/giga-unlimited/en,COMMUNICATION,Primetel
2024-04-27,Smart Watch Marea Bluetooth Talk Μαύρο B63002-1,Clocks and watches,https://evdokiajewellery.com/product/smart-watch-marea-bluetooth-talk-%ce%bc%ce%b1%cf%8d%cf%81%ce%bf-b63002-1,MISCELLANEOUS GOODS AND SERVICES,Evdokia Jewellery
2024-04-27,Ρολόι Q&Q VR99J009Y,Clocks and watches,https://evdokiajewellery.com/product/%cf%81%ce%bf%ce%bb%cf%8c%ce%b9-qq-vr99j009y,MISCELLANEOUS GOODS AND SERVICES,Evdokia Jewellery
2024-04-27,Ρολόι Q&Q VR99J001Y,Clocks and watches,https://evdokiajewellery.com/product/%cf%81%ce%bf%ce%bb%cf%8c%ce%b9-qq-vr99j001y,MISCELLANEOUS GOODS AND SERVICES,Evdokia Jewellery
2024-04-28,JohnsonsΜπατονέτες200Τεμ,"Articles for personal hygiene and wellness, esoteric products and beauty products",johnsons-mpatonetes-200tem,MISCELLANEOUS GOODS AND SERVICES,SupermarketCy
2024-04-28,3AQuinoa400g,Other cereal products,3a-kinoa-trikolore-400g,FOOD AND NON-ALCOHOLIC BEVERAGES,SupermarketCy
2024-04-28, LOUKAS P. LOUKA &amp; YIOS LIMITED,,loukas-p-louka-yios-limited?ref=listtile,,Fuel Daddy
2024-04-28,Bdtk Women Shorts With Button Down Sides (1231-903805),Garments for women,/products/bdtk-women-shorts-with-button-down-sides-1231-903805-1231-903805-00209,CLOTHING AND FOOTWEAR,FamousSports
2024-04-28,GIGA Unlimited,Bundled telecommunication services,https://primetel.com.cy/giga-unlimited/en,COMMUNICATION,Primetel
2024-04-28,GIGA Unlimited Plus,Bundled telecommunication services,https://primetel.com.cy/giga-unlimited/en,COMMUNICATION,Primetel
2024-04-28,GIGA Unlimited MAX,Bundled telecommunication services,https://primetel.com.cy/giga-unlimited/en,COMMUNICATION,Primetel
2024-04-28,Ετήσιο Τέλος,Sewage collection,https://www.lsdb.org.cy/ypiresies/oikonomika/apocheteftika-teli/,"HOUSING, WATER, ELECTRICITY, GAS AND OTHER FUELS",Sewerage Board of Larnaca
2024-04-28,Τέλος Χρήσης,Sewage collection,https://www.lsdb.org.cy/ypiresies/oikonomika/apocheteftika-teli/,"HOUSING, WATER, ELECTRICITY, GAS AND OTHER FUELS",Sewerage Board of Larnaca
2024-04-28,Smart Watch Marea Bluetooth Talk Μαύρο B63002-1,Clocks and watches,https://evdokiajewellery.com/product/smart-watch-marea-bluetooth-talk-%ce%bc%ce%b1%cf%8d%cf%81%ce%bf-b63002-1,MISCELLANEOUS GOODS AND SERVICES,Evdokia Jewellery
2024-04-28,Ρολόι Q&Q VR99J009Y,Clocks and watches,https://evdokiajewellery.com/product/%cf%81%ce%bf%ce%bb%cf%8c%ce%b9-qq-vr99j009y,MISCELLANEOUS GOODS AND SERVICES,Evdokia Jewellery
2024-04-28,Ρολόι Q&Q VR99J001Y,Clocks and watches,https://evdokiajewellery.com/product/%cf%81%ce%bf%ce%bb%cf%8c%ce%b9-qq-vr99j001y,MISCELLANEOUS GOODS AND SERVICES,Evdokia Jewellery
2024-04-29,JohnsonsΜπατονέτες200Τεμ,"Articles for personal hygiene and wellness, esoteric products and beauty products",johnsons-mpatonetes-200tem,MISCELLANEOUS GOODS AND SERVICES,SupermarketCy
2024-04-29,3AQuinoa400g,Other cereal products,3a-kinoa-trikolore-400g,FOOD AND NON-ALCOHOLIC BEVERAGES,SupermarketCy
2024-04-29, LOUKAS P. LOUKA &amp; YIOS LIMITED,,loukas-p-louka-yios-limited?ref=listtile,,Fuel Daddy
2024-04-29,Bdtk Women Shorts With Button Down Sides (1231-903805),Garments for women,/products/bdtk-women-shorts-with-button-down-sides-1231-903805-1231-903805-00209,CLOTHING AND FOOTWEAR,FamousSports
2024-04-29,GIGA Unlimited,Bundled telecommunication services,https://primetel.com.cy/giga-unlimited/en,COMMUNICATION,Primetel
2024-04-29,GIGA Unlimited Plus,Bundled telecommunication services,https://primetel.com.cy/giga-unlimited/en,COMMUNICATION,Primetel
2024-04-29,GIGA Unlimited MAX,Bundled telecommunication services,https://primetel.com.cy/giga-unlimited/en,COMMUNICATION,Primetel
2024-04-29,Smart Watch Marea Bluetooth Talk Μαύρο B63002-1,Clocks and watches,https://evdokiajewellery.com/product/smart-watch-marea-bluetooth-talk-%ce%bc%ce%b1%cf%8d%cf%81%ce%bf-b63002-1,MISCELLANEOUS GOODS AND SERVICES,Evdokia Jewellery
2024-04-29,Ρολόι Q&Q VR99J009Y,Clocks and watches,https://evdokiajewellery.com/product/%cf%81%ce%bf%ce%bb%cf%8c%ce%b9-qq-vr99j009y,MISCELLANEOUS GOODS AND SERVICES,Evdokia Jewellery
2024-04-29,Ρολόι Q&Q VR99J001Y,Clocks and watches,https://evdokiajewellery.com/product/%cf%81%ce%bf%ce%bb%cf%8c%ce%b9-qq-vr99j001y,MISCELLANEOUS GOODS AND SERVICES,Evdokia Jewellery
2024-04-30,JohnsonsΜπατονέτες200Τεμ,"Articles for personal hygiene and wellness, esoteric products and beauty products",johnsons-mpatonetes-200tem,MISCELLANEOUS GOODS AND SERVICES,SupermarketCy
2024-04-30,3AQuinoa400g,Other cereal products,3a-kinoa-trikolore-400g,FOOD AND NON-ALCOHOLIC BEVERAGES,SupermarketCy
2024-04-30,ComfortGoldWildOrchid&SandalwoodFabricSoftener2L,Cleaning and maintenance products,comfort-gold-wild-orchid-sandalwood-malaktiko-2l,"FURNISHING, HOUSEHOLD EQUIPMENT AND SUPPLIES ",SupermarketCy
2024-04-30, LOUKAS P. LOUKA &amp; YIOS LIMITED,,loukas-p-louka-yios-limited?ref=listtile,,Fuel Daddy
2024-04-30,Bdtk Women Shorts With Button Down Sides (1231-903805),Garments for women,/products/bdtk-women-shorts-with-button-down-sides-1231-903805-1231-903805-00209,CLOTHING AND FOOTWEAR,FamousSports
2024-04-30,GIGA Unlimited,Bundled telecommunication services,https://primetel.com.cy/giga-unlimited/en,COMMUNICATION,Primetel
2024-04-30,GIGA Unlimited Plus,Bundled telecommunication services,https://primetel.com.cy/giga-unlimited/en,COMMUNICATION,Primetel
2024-04-30,GIGA Unlimited MAX,Bundled telecommunication services,https://primetel.com.cy/giga-unlimited/en,COMMUNICATION,Primetel
2024-04-30,Smart Watch Marea Bluetooth Talk Μαύρο B63002-1,Clocks and watches,https://evdokiajewellery.com/product/smart-watch-marea-bluetooth-talk-%ce%bc%ce%b1%cf%8d%cf%81%ce%bf-b63002-1,MISCELLANEOUS GOODS AND SERVICES,Evdokia Jewellery
2024-04-30,Ρολόι Q&Q VR99J009Y,Clocks and watches,https://evdokiajewellery.com/product/%cf%81%ce%bf%ce%bb%cf%8c%ce%b9-qq-vr99j009y,MISCELLANEOUS GOODS AND SERVICES,Evdokia Jewellery
2024-04-30,Ρολόι Q&Q VR99J001Y,Clocks and watches,https://evdokiajewellery.com/product/%cf%81%ce%bf%ce%bb%cf%8c%ce%b9-qq-vr99j001y,MISCELLANEOUS GOODS AND SERVICES,Evdokia Jewellery
2024-05-01,JohnsonsΜπατονέτες200Τεμ,"Articles for personal hygiene and wellness, esoteric products and beauty products",johnsons-mpatonetes-200tem,MISCELLANEOUS GOODS AND SERVICES,SupermarketCy
2024-05-01,3AQuinoa400g,Other cereal products,3a-kinoa-trikolore-400g,FOOD AND NON-ALCOHOLIC BEVERAGES,SupermarketCy
2024-05-01,ComfortGoldWildOrchid&SandalwoodFabricSoftener2L,Cleaning and maintenance products,comfort-gold-wild-orchid-sandalwood-malaktiko-2l,"FURNISHING, HOUSEHOLD EQUIPMENT AND SUPPLIES ",SupermarketCy
2024-05-01, LOUKAS P. LOUKA &amp; YIOS LIMITED,,loukas-p-louka-yios-limited?ref=listtile,,Fuel Daddy
2024-05-01,Bdtk Women Shorts With Button Down Sides (1231-903805),Garments for women,/products/bdtk-women-shorts-with-button-down-sides-1231-903805-1231-903805-00209,CLOTHING AND FOOTWEAR,FamousSports
2024-05-01,GIGA Unlimited,Bundled telecommunication services,https://primetel.com.cy/giga-unlimited/en,COMMUNICATION,Primetel
2024-05-01,GIGA Unlimited Plus,Bundled telecommunication services,https://primetel.com.cy/giga-unlimited/en,COMMUNICATION,Primetel
2024-05-01,GIGA Unlimited MAX,Bundled telecommunication services,https://primetel.com.cy/giga-unlimited/en,COMMUNICATION,Primetel
2024-05-01,Smart Watch Marea Bluetooth Talk Μαύρο B63002-1,Clocks and watches,https://evdokiajewellery.com/product/smart-watch-marea-bluetooth-talk-%ce%bc%ce%b1%cf%8d%cf%81%ce%bf-b63002-1,MISCELLANEOUS GOODS AND SERVICES,Evdokia Jewellery
2024-05-01,Ρολόι Q&Q VR99J009Y,Clocks and watches,https://evdokiajewellery.com/product/%cf%81%ce%bf%ce%bb%cf%8c%ce%b9-qq-vr99j009y,MISCELLANEOUS GOODS AND SERVICES,Evdokia Jewellery
2024-05-01,Ρολόι Q&Q VR99J001Y,Clocks and watches,https://evdokiajewellery.com/product/%cf%81%ce%bf%ce%bb%cf%8c%ce%b9-qq-vr99j001y,MISCELLANEOUS GOODS AND SERVICES,Evdokia Jewellery
2024-05-02,JohnsonsΜπατονέτες200Τεμ,"Articles for personal hygiene and wellness, esoteric products and beauty products",johnsons-mpatonetes-200tem,MISCELLANEOUS GOODS AND SERVICES,SupermarketCy
2024-05-02,GilletteBlueIiPlusSlalomΞυραφάκια10Τεμ,"Articles for personal hygiene and wellness, esoteric products and beauty products",gillette-blue-ii-xyrafakia-10tem-1,MISCELLANEOUS GOODS AND SERVICES,SupermarketCy
2024-05-02,3AQuinoa400g,Other cereal products,3a-kinoa-trikolore-400g,FOOD AND NON-ALCOHOLIC BEVERAGES,SupermarketCy
2024-05-02,ComfortGoldWildOrchid&SandalwoodFabricSoftener2L,Cleaning and maintenance products,comfort-gold-wild-orchid-sandalwood-malaktiko-2l,"FURNISHING, HOUSEHOLD EQUIPMENT AND SUPPLIES ",SupermarketCy
2024-05-02, LOUKAS P. LOUKA &amp; YIOS LIMITED,,loukas-p-louka-yios-limited?ref=listtile,,Fuel Daddy
2024-05-02,Bdtk Women Shorts With Button Down Sides (1231-903805),Garments for women,/products/bdtk-women-shorts-with-button-down-sides-1231-903805-1231-903805-00209,CLOTHING AND FOOTWEAR,FamousSports
2024-05-02,GIGA Unlimited,Bundled telecommunication services,https://primetel.com.cy/giga-unlimited/en,COMMUNICATION,Primetel
2024-05-02,GIGA Unlimited Plus,Bundled telecommunication services,https://primetel.com.cy/giga-unlimited/en,COMMUNICATION,Primetel
2024-05-02,GIGA Unlimited MAX,Bundled telecommunication services,https://primetel.com.cy/giga-unlimited/en,COMMUNICATION,Primetel
2024-05-02,Smart Watch Marea Bluetooth Talk Μαύρο B63002-1,Clocks and watches,https://evdokiajewellery.com/product/smart-watch-marea-bluetooth-talk-%ce%bc%ce%b1%cf%8d%cf%81%ce%bf-b63002-1,MISCELLANEOUS GOODS AND SERVICES,Evdokia Jewellery
2024-05-02,Ρολόι Q&Q VR99J009Y,Clocks and watches,https://evdokiajewellery.com/product/%cf%81%ce%bf%ce%bb%cf%8c%ce%b9-qq-vr99j009y,MISCELLANEOUS GOODS AND SERVICES,Evdokia Jewellery
2024-05-02,Ρολόι Q&Q VR99J001Y,Clocks and watches,https://evdokiajewellery.com/product/%cf%81%ce%bf%ce%bb%cf%8c%ce%b9-qq-vr99j001y,MISCELLANEOUS GOODS AND SERVICES,Evdokia Jewellery
2024-05-03,ΌροςΜαχαιράΜέλιΑνθέωνSqueeze480g,"Jams, marmalades and honey",oros-machaira-meli-antheon-squeeze-480g,FOOD AND NON-ALCOHOLIC BEVERAGES,SupermarketCy
2024-05-03,WellaflexHairspra2ndDayVolumeExtraStrongHold250ml,Personal grooming treatments,wellaflex-hairspray-2nd-day-volume-echtra-dynato-kratima-250ml,MISCELLANEOUS GOODS AND SERVICES,SupermarketCy
2024-05-03,JohnsonsΜπατονέτες200Τεμ,"Articles for personal hygiene and wellness, esoteric products and beauty products",johnsons-mpatonetes-200tem,MISCELLANEOUS GOODS AND SERVICES,SupermarketCy
2024-05-03,GilletteBlueIiPlusSlalomΞυραφάκια10Τεμ,"Articles for personal hygiene and wellness, esoteric products and beauty products",gillette-blue-ii-xyrafakia-10tem-1,MISCELLANEOUS GOODS AND SERVICES,SupermarketCy
2024-05-03,3AQuinoa400g,Other cereal products,3a-kinoa-trikolore-400g,FOOD AND NON-ALCOHOLIC BEVERAGES,SupermarketCy
2024-05-03,ComfortGoldWildOrchid&SandalwoodFabricSoftener2L,Cleaning and maintenance products,comfort-gold-wild-orchid-sandalwood-malaktiko-2l,"FURNISHING, HOUSEHOLD EQUIPMENT AND SUPPLIES ",SupermarketCy
2024-05-03, LOUKAS P. LOUKA &amp; YIOS LIMITED,,loukas-p-louka-yios-limited?ref=listtile,,Fuel Daddy
2024-05-03,Bdtk Women Shorts With Button Down Sides (1231-903805),Garments for women,/products/bdtk-women-shorts-with-button-down-sides-1231-903805-1231-903805-00209,CLOTHING AND FOOTWEAR,FamousSports
2024-05-03,GIGA Unlimited,Bundled telecommunication services,https://primetel.com.cy/giga-unlimited/en,COMMUNICATION,Primetel
2024-05-03,GIGA Unlimited Plus,Bundled telecommunication services,https://primetel.com.cy/giga-unlimited/en,COMMUNICATION,Primetel
2024-05-03,GIGA Unlimited MAX,Bundled telecommunication services,https://primetel.com.cy/giga-unlimited/en,COMMUNICATION,Primetel
2024-05-03,Smart Watch Marea Bluetooth Talk Μαύρο B63002-1,Clocks and watches,https://evdokiajewellery.com/product/smart-watch-marea-bluetooth-talk-%ce%bc%ce%b1%cf%8d%cf%81%ce%bf-b63002-1,MISCELLANEOUS GOODS AND SERVICES,Evdokia Jewellery
2024-05-03,Ρολόι Q&Q VR99J009Y,Clocks and watches,https://evdokiajewellery.com/product/%cf%81%ce%bf%ce%bb%cf%8c%ce%b9-qq-vr99j009y,MISCELLANEOUS GOODS AND SERVICES,Evdokia Jewellery
2024-05-03,Ρολόι Q&Q VR99J001Y,Clocks and watches,https://evdokiajewellery.com/product/%cf%81%ce%bf%ce%bb%cf%8c%ce%b9-qq-vr99j001y,MISCELLANEOUS GOODS AND SERVICES,Evdokia Jewellery
2024-05-04,ΌροςΜαχαιράΜέλιΑνθέωνSqueeze480g,"Jams, marmalades and honey",oros-machaira-meli-antheon-squeeze-480g,FOOD AND NON-ALCOHOLIC BEVERAGES,SupermarketCy
2024-05-04,WellaflexHairspra2ndDayVolumeExtraStrongHold250ml,Personal grooming treatments,wellaflex-hairspray-2nd-day-volume-echtra-dynato-kratima-250ml,MISCELLANEOUS GOODS AND SERVICES,SupermarketCy
2024-05-04,JohnsonsΜπατονέτες200Τεμ,"Articles for personal hygiene and wellness, esoteric products and beauty products",johnsons-mpatonetes-200tem,MISCELLANEOUS GOODS AND SERVICES,SupermarketCy
2024-05-04,GilletteBlueIiPlusSlalomΞυραφάκια10Τεμ,"Articles for personal hygiene and wellness, esoteric products and beauty products",gillette-blue-ii-xyrafakia-10tem-1,MISCELLANEOUS GOODS AND SERVICES,SupermarketCy
2024-05-04,3AQuinoa400g,Other cereal products,3a-kinoa-trikolore-400g,FOOD AND NON-ALCOHOLIC BEVERAGES,SupermarketCy
2024-05-04,ComfortGoldWildOrchid&SandalwoodFabricSoftener2L,Cleaning and maintenance products,comfort-gold-wild-orchid-sandalwood-malaktiko-2l,"FURNISHING, HOUSEHOLD EQUIPMENT AND SUPPLIES ",SupermarketCy
2024-05-04, LOUKAS P. LOUKA &amp; YIOS LIMITED,,loukas-p-louka-yios-limited?ref=listtile,,Fuel Daddy
2024-05-04,Bdtk Women Shorts With Button Down Sides (1231-903805),Garments for women,/products/bdtk-women-shorts-with-button-down-sides-1231-903805-1231-903805-00209,CLOTHING AND FOOTWEAR,FamousSports
2024-05-04,GIGA Unlimited,Bundled telecommunication services,https://primetel.com.cy/giga-unlimited/en,COMMUNICATION,Primetel
2024-05-04,GIGA Unlimited Plus,Bundled telecommunication services,https://primetel.com.cy/giga-unlimited/en,COMMUNICATION,Primetel
2024-05-04,GIGA Unlimited MAX,Bundled telecommunication services,https://primetel.com.cy/giga-unlimited/en,COMMUNICATION,Primetel
2024-05-04,Smart Watch Marea Bluetooth Talk Μαύρο B63002-1,Clocks and watches,https://evdokiajewellery.com/product/smart-watch-marea-bluetooth-talk-%ce%bc%ce%b1%cf%8d%cf%81%ce%bf-b63002-1,MISCELLANEOUS GOODS AND SERVICES,Evdokia Jewellery
2024-05-04,Ρολόι Q&Q VR99J009Y,Clocks and watches,https://evdokiajewellery.com/product/%cf%81%ce%bf%ce%bb%cf%8c%ce%b9-qq-vr99j009y,MISCELLANEOUS GOODS AND SERVICES,Evdokia Jewellery
2024-05-04,Ρολόι Q&Q VR99J001Y,Clocks and watches,https://evdokiajewellery.com/product/%cf%81%ce%bf%ce%bb%cf%8c%ce%b9-qq-vr99j001y,MISCELLANEOUS GOODS AND SERVICES,Evdokia Jewellery
2024-05-05,ΌροςΜαχαιράΜέλιΑνθέωνSqueeze480g,"Jams, marmalades and honey",oros-machaira-meli-antheon-squeeze-480g,FOOD AND NON-ALCOHOLIC BEVERAGES,SupermarketCy
2024-05-05,WellaflexHairspra2ndDayVolumeExtraStrongHold250ml,Personal grooming treatments,wellaflex-hairspray-2nd-day-volume-echtra-dynato-kratima-250ml,MISCELLANEOUS GOODS AND SERVICES,SupermarketCy
2024-05-05,JohnsonsΜπατονέτες200Τεμ,"Articles for personal hygiene and wellness, esoteric products and beauty products",johnsons-mpatonetes-200tem,MISCELLANEOUS GOODS AND SERVICES,SupermarketCy
2024-05-05,GilletteBlueIiPlusSlalomΞυραφάκια10Τεμ,"Articles for personal hygiene and wellness, esoteric products and beauty products",gillette-blue-ii-xyrafakia-10tem-1,MISCELLANEOUS GOODS AND SERVICES,SupermarketCy
2024-05-05,3AQuinoa400g,Other cereal products,3a-kinoa-trikolore-400g,FOOD AND NON-ALCOHOLIC BEVERAGES,SupermarketCy
2024-05-05,ComfortGoldWildOrchid&SandalwoodFabricSoftener2L,Cleaning and maintenance products,comfort-gold-wild-orchid-sandalwood-malaktiko-2l,"FURNISHING, HOUSEHOLD EQUIPMENT AND SUPPLIES ",SupermarketCy
2024-05-05, LOUKAS P. LOUKA &amp; YIOS LIMITED,,loukas-p-louka-yios-limited?ref=listtile,,Fuel Daddy
2024-05-05,Bdtk Women Shorts With Button Down Sides (1231-903805),Garments for women,/products/bdtk-women-shorts-with-button-down-sides-1231-903805-1231-903805-00209,CLOTHING AND FOOTWEAR,FamousSports
2024-05-05,GIGA Unlimited,Bundled telecommunication services,https://primetel.com.cy/giga-unlimited/en,COMMUNICATION,Primetel
2024-05-05,GIGA Unlimited Plus,Bundled telecommunication services,https://primetel.com.cy/giga-unlimited/en,COMMUNICATION,Primetel
2024-05-05,GIGA Unlimited MAX,Bundled telecommunication services,https://primetel.com.cy/giga-unlimited/en,COMMUNICATION,Primetel
2024-05-05,Smart Watch Marea Bluetooth Talk Μαύρο B63002-1,Clocks and watches,https://evdokiajewellery.com/product/smart-watch-marea-bluetooth-talk-%ce%bc%ce%b1%cf%8d%cf%81%ce%bf-b63002-1,MISCELLANEOUS GOODS AND SERVICES,Evdokia Jewellery
2024-05-05,Ρολόι Q&Q VR99J009Y,Clocks and watches,https://evdokiajewellery.com/product/%cf%81%ce%bf%ce%bb%cf%8c%ce%b9-qq-vr99j009y,MISCELLANEOUS GOODS AND SERVICES,Evdokia Jewellery
2024-05-05,Ρολόι Q&Q VR99J001Y,Clocks and watches,https://evdokiajewellery.com/product/%cf%81%ce%bf%ce%bb%cf%8c%ce%b9-qq-vr99j001y,MISCELLANEOUS GOODS AND SERVICES,Evdokia Jewellery
2024-05-06,ΌροςΜαχαιράΜέλιΑνθέωνSqueeze480g,"Jams, marmalades and honey",oros-machaira-meli-antheon-squeeze-480g,FOOD AND NON-ALCOHOLIC BEVERAGES,SupermarketCy
2024-05-06,WellaflexHairspra2ndDayVolumeExtraStrongHold250ml,Personal grooming treatments,wellaflex-hairspray-2nd-day-volume-echtra-dynato-kratima-250ml,MISCELLANEOUS GOODS AND SERVICES,SupermarketCy
2024-05-06,JohnsonsΜπατονέτες200Τεμ,"Articles for personal hygiene and wellness, esoteric products and beauty products",johnsons-mpatonetes-200tem,MISCELLANEOUS GOODS AND SERVICES,SupermarketCy
2024-05-06,GilletteBlueIiPlusSlalomΞυραφάκια10Τεμ,"Articles for personal hygiene and wellness, esoteric products and beauty products",gillette-blue-ii-xyrafakia-10tem-1,MISCELLANEOUS GOODS AND SERVICES,SupermarketCy
2024-05-06,3AQuinoa400g,Other cereal products,3a-kinoa-trikolore-400g,FOOD AND NON-ALCOHOLIC BEVERAGES,SupermarketCy
2024-05-06,ComfortGoldWildOrchid&SandalwoodFabricSoftener2L,Cleaning and maintenance products,comfort-gold-wild-orchid-sandalwood-malaktiko-2l,"FURNISHING, HOUSEHOLD EQUIPMENT AND SUPPLIES ",SupermarketCy
2024-05-06, LOUKAS P. LOUKA &amp; YIOS LIMITED,,loukas-p-louka-yios-limited?ref=listtile,,Fuel Daddy
2024-05-06,Bdtk Women Shorts With Button Down Sides (1231-903805),Garments for women,/products/bdtk-women-shorts-with-button-down-sides-1231-903805-1231-903805-00209,CLOTHING AND FOOTWEAR,FamousSports
2024-05-06,GIGA Unlimited,Bundled telecommunication services,https://primetel.com.cy/giga-unlimited/en,COMMUNICATION,Primetel
2024-05-06,GIGA Unlimited Plus,Bundled telecommunication services,https://primetel.com.cy/giga-unlimited/en,COMMUNICATION,Primetel
2024-05-06,GIGA Unlimited MAX,Bundled telecommunication services,https://primetel.com.cy/giga-unlimited/en,COMMUNICATION,Primetel
2024-05-06,Smart Watch Marea Bluetooth Talk Μαύρο B63002-1,Clocks and watches,https://evdokiajewellery.com/product/smart-watch-marea-bluetooth-talk-%ce%bc%ce%b1%cf%8d%cf%81%ce%bf-b63002-1,MISCELLANEOUS GOODS AND SERVICES,Evdokia Jewellery
2024-05-06,Ρολόι Q&Q VR99J009Y,Clocks and watches,https://evdokiajewellery.com/product/%cf%81%ce%bf%ce%bb%cf%8c%ce%b9-qq-vr99j009y,MISCELLANEOUS GOODS AND SERVICES,Evdokia Jewellery
2024-05-06,Ρολόι Q&Q VR99J001Y,Clocks and watches,https://evdokiajewellery.com/product/%cf%81%ce%bf%ce%bb%cf%8c%ce%b9-qq-vr99j001y,MISCELLANEOUS GOODS AND SERVICES,Evdokia Jewellery
2024-05-07,ΌροςΜαχαιράΜέλιΑνθέωνSqueeze480g,"Jams, marmalades and honey",oros-machaira-meli-antheon-squeeze-480g,FOOD AND NON-ALCOHOLIC BEVERAGES,SupermarketCy
2024-05-07,WellaflexHairspra2ndDayVolumeExtraStrongHold250ml,Personal grooming treatments,wellaflex-hairspray-2nd-day-volume-echtra-dynato-kratima-250ml,MISCELLANEOUS GOODS AND SERVICES,SupermarketCy
2024-05-07,JohnsonsΜπατονέτες200Τεμ,"Articles for personal hygiene and wellness, esoteric products and beauty products",johnsons-mpatonetes-200tem,MISCELLANEOUS GOODS AND SERVICES,SupermarketCy
2024-05-07,GilletteBlueIiPlusSlalomΞυραφάκια10Τεμ,"Articles for personal hygiene and wellness, esoteric products and beauty products",gillette-blue-ii-xyrafakia-10tem-1,MISCELLANEOUS GOODS AND SERVICES,SupermarketCy
2024-05-07,3AQuinoa400g,Other cereal products,3a-kinoa-trikolore-400g,FOOD AND NON-ALCOHOLIC BEVERAGES,SupermarketCy
2024-05-07,ComfortGoldWildOrchid&SandalwoodFabricSoftener2L,Cleaning and maintenance products,comfort-gold-wild-orchid-sandalwood-malaktiko-2l,"FURNISHING, HOUSEHOLD EQUIPMENT AND SUPPLIES ",SupermarketCy
2024-05-07, LOUKAS P. LOUKA &amp; YIOS LIMITED,,loukas-p-louka-yios-limited?ref=listtile,,Fuel Daddy
2024-05-07,adidas boys essentials big logo cotton t-shirt (IB1670),Garments for men,/products/adidas-boys-essentials-big-logo-cotton-t-shirt-ib1670?option_variant_id=4,CLOTHING AND FOOTWEAR,FamousSports
2024-05-07,Bdtk Women Shorts With Button Down Sides (1231-903805),Garments for women,/products/bdtk-women-shorts-with-button-down-sides-1231-903805-1231-903805-00209,CLOTHING AND FOOTWEAR,FamousSports
2024-05-07,GIGA Unlimited,Bundled telecommunication services,https://primetel.com.cy/giga-unlimited/en,COMMUNICATION,Primetel
2024-05-07,GIGA Unlimited Plus,Bundled telecommunication services,https://primetel.com.cy/giga-unlimited/en,COMMUNICATION,Primetel
2024-05-07,GIGA Unlimited MAX,Bundled telecommunication services,https://primetel.com.cy/giga-unlimited/en,COMMUNICATION,Primetel
2024-05-07,Smart Watch Marea Bluetooth Talk Μαύρο B63002-1,Clocks and watches,https://evdokiajewellery.com/product/smart-watch-marea-bluetooth-talk-%ce%bc%ce%b1%cf%8d%cf%81%ce%bf-b63002-1,MISCELLANEOUS GOODS AND SERVICES,Evdokia Jewellery
2024-05-07,Ρολόι Q&Q VR99J009Y,Clocks and watches,https://evdokiajewellery.com/product/%cf%81%ce%bf%ce%bb%cf%8c%ce%b9-qq-vr99j009y,MISCELLANEOUS GOODS AND SERVICES,Evdokia Jewellery
2024-05-07,Ρολόι Q&Q VR99J001Y,Clocks and watches,https://evdokiajewellery.com/product/%cf%81%ce%bf%ce%bb%cf%8c%ce%b9-qq-vr99j001y,MISCELLANEOUS GOODS AND SERVICES,Evdokia Jewellery
2024-05-08,ΌροςΜαχαιράΜέλιΑνθέωνSqueeze480g,"Jams, marmalades and honey",oros-machaira-meli-antheon-squeeze-480g,FOOD AND NON-ALCOHOLIC BEVERAGES,SupermarketCy
2024-05-08,WellaflexHairspra2ndDayVolumeExtraStrongHold250ml,Personal grooming treatments,wellaflex-hairspray-2nd-day-volume-echtra-dynato-kratima-250ml,MISCELLANEOUS GOODS AND SERVICES,SupermarketCy
2024-05-08,JohnsonsΜπατονέτες200Τεμ,"Articles for personal hygiene and wellness, esoteric products and beauty products",johnsons-mpatonetes-200tem,MISCELLANEOUS GOODS AND SERVICES,SupermarketCy
2024-05-08,GilletteBlueIiPlusSlalomΞυραφάκια10Τεμ,"Articles for personal hygiene and wellness, esoteric products and beauty products",gillette-blue-ii-xyrafakia-10tem-1,MISCELLANEOUS GOODS AND SERVICES,SupermarketCy
2024-05-08,3AQuinoa400g,Other cereal products,3a-kinoa-trikolore-400g,FOOD AND NON-ALCOHOLIC BEVERAGES,SupermarketCy
2024-05-08,ComfortGoldWildOrchid&SandalwoodFabricSoftener2L,Cleaning and maintenance products,comfort-gold-wild-orchid-sandalwood-malaktiko-2l,"FURNISHING, HOUSEHOLD EQUIPMENT AND SUPPLIES ",SupermarketCy
2024-05-08, LOUKAS P. LOUKA &amp; YIOS LIMITED,,loukas-p-louka-yios-limited?ref=listtile,,Fuel Daddy
2024-05-08,adidas boys essentials big logo cotton t-shirt (IB1670),Garments for men,/products/adidas-boys-essentials-big-logo-cotton-t-shirt-ib1670?option_variant_id=4,CLOTHING AND FOOTWEAR,FamousSports
2024-05-08,Bdtk Women Shorts With Button Down Sides (1231-903805),Garments for women,/products/bdtk-women-shorts-with-button-down-sides-1231-903805-1231-903805-00209,CLOTHING AND FOOTWEAR,FamousSports
2024-05-08,Smart Watch Marea Bluetooth Talk Μαύρο B63002-1,Clocks and watches,https://evdokiajewellery.com/product/smart-watch-marea-bluetooth-talk-%ce%bc%ce%b1%cf%8d%cf%81%ce%bf-b63002-1,MISCELLANEOUS GOODS AND SERVICES,Evdokia Jewellery
2024-05-08,Ρολόι Q&Q VR99J009Y,Clocks and watches,https://evdokiajewellery.com/product/%cf%81%ce%bf%ce%bb%cf%8c%ce%b9-qq-vr99j009y,MISCELLANEOUS GOODS AND SERVICES,Evdokia Jewellery
2024-05-08,Ρολόι Q&Q VR99J001Y,Clocks and watches,https://evdokiajewellery.com/product/%cf%81%ce%bf%ce%bb%cf%8c%ce%b9-qq-vr99j001y,MISCELLANEOUS GOODS AND SERVICES,Evdokia Jewellery
2024-05-09,ΌροςΜαχαιράΜέλιΑνθέωνSqueeze480g,"Jams, marmalades and honey",oros-machaira-meli-antheon-squeeze-480g,FOOD AND NON-ALCOHOLIC BEVERAGES,SupermarketCy
2024-05-09,Ντομάτες1kg,Fresh or chilled vegetables other than potatoes and other tubers,ntomates-1kg-1,FOOD AND NON-ALCOHOLIC BEVERAGES,SupermarketCy
2024-05-09,WellaflexHairspra2ndDayVolumeExtraStrongHold250ml,Personal grooming treatments,wellaflex-hairspray-2nd-day-volume-echtra-dynato-kratima-250ml,MISCELLANEOUS GOODS AND SERVICES,SupermarketCy
2024-05-09,JohnsonsΜπατονέτες200Τεμ,"Articles for personal hygiene and wellness, esoteric products and beauty products",johnsons-mpatonetes-200tem,MISCELLANEOUS GOODS AND SERVICES,SupermarketCy
2024-05-09,GilletteBlueIiPlusSlalomΞυραφάκια10Τεμ,"Articles for personal hygiene and wellness, esoteric products and beauty products",gillette-blue-ii-xyrafakia-10tem-1,MISCELLANEOUS GOODS AND SERVICES,SupermarketCy
2024-05-09,3AQuinoa400g,Other cereal products,3a-kinoa-trikolore-400g,FOOD AND NON-ALCOHOLIC BEVERAGES,SupermarketCy
2024-05-09,ComfortGoldWildOrchid&SandalwoodFabricSoftener2L,Cleaning and maintenance products,comfort-gold-wild-orchid-sandalwood-malaktiko-2l,"FURNISHING, HOUSEHOLD EQUIPMENT AND SUPPLIES ",SupermarketCy
2024-05-09, LOUKAS P. LOUKA &amp; YIOS LIMITED,,loukas-p-louka-yios-limited?ref=listtile,,Fuel Daddy
2024-05-09,adidas boys essentials big logo cotton t-shirt (IB1670),Garments for men,/products/adidas-boys-essentials-big-logo-cotton-t-shirt-ib1670?option_variant_id=4,CLOTHING AND FOOTWEAR,FamousSports
2024-05-09,Bdtk Women Shorts With Button Down Sides (1231-903805),Garments for women,/products/bdtk-women-shorts-with-button-down-sides-1231-903805-1231-903805-00209,CLOTHING AND FOOTWEAR,FamousSports
2024-05-09,Smart Watch Marea Bluetooth Talk Μαύρο B63002-1,Clocks and watches,https://evdokiajewellery.com/product/smart-watch-marea-bluetooth-talk-%ce%bc%ce%b1%cf%8d%cf%81%ce%bf-b63002-1,MISCELLANEOUS GOODS AND SERVICES,Evdokia Jewellery
2024-05-09,Ρολόι Q&Q VR99J009Y,Clocks and watches,https://evdokiajewellery.com/product/%cf%81%ce%bf%ce%bb%cf%8c%ce%b9-qq-vr99j009y,MISCELLANEOUS GOODS AND SERVICES,Evdokia Jewellery
2024-05-09,Ρολόι Q&Q VR99J001Y,Clocks and watches,https://evdokiajewellery.com/product/%cf%81%ce%bf%ce%bb%cf%8c%ce%b9-qq-vr99j001y,MISCELLANEOUS GOODS AND SERVICES,Evdokia Jewellery
2024-05-11,ΌροςΜαχαιράΜέλιΑνθέωνSqueeze480g,"Jams, marmalades and honey",oros-machaira-meli-antheon-squeeze-480g,FOOD AND NON-ALCOHOLIC BEVERAGES,SupermarketCy
2024-05-11,Ντομάτες1kg,Fresh or chilled vegetables other than potatoes and other tubers,ntomates-1kg-1,FOOD AND NON-ALCOHOLIC BEVERAGES,SupermarketCy
2024-05-11,WellaflexHairspra2ndDayVolumeExtraStrongHold250ml,Personal grooming treatments,wellaflex-hairspray-2nd-day-volume-echtra-dynato-kratima-250ml,MISCELLANEOUS GOODS AND SERVICES,SupermarketCy
2024-05-11,JohnsonsΜπατονέτες200Τεμ,"Articles for personal hygiene and wellness, esoteric products and beauty products",johnsons-mpatonetes-200tem,MISCELLANEOUS GOODS AND SERVICES,SupermarketCy
2024-05-11,GilletteBlueIiPlusSlalomΞυραφάκια10Τεμ,"Articles for personal hygiene and wellness, esoteric products and beauty products",gillette-blue-ii-xyrafakia-10tem-1,MISCELLANEOUS GOODS AND SERVICES,SupermarketCy
2024-05-11,3AQuinoa400g,Other cereal products,3a-kinoa-trikolore-400g,FOOD AND NON-ALCOHOLIC BEVERAGES,SupermarketCy
2024-05-11,ComfortGoldWildOrchid&SandalwoodFabricSoftener2L,Cleaning and maintenance products,comfort-gold-wild-orchid-sandalwood-malaktiko-2l,"FURNISHING, HOUSEHOLD EQUIPMENT AND SUPPLIES ",SupermarketCy
2024-05-11, LOUKAS P. LOUKA &amp; YIOS LIMITED,,loukas-p-louka-yios-limited?ref=listtile,,Fuel Daddy
2024-05-11,adidas boys essentials big logo cotton t-shirt (IB1670),Garments for men,/products/adidas-boys-essentials-big-logo-cotton-t-shirt-ib1670?option_variant_id=4,CLOTHING AND FOOTWEAR,FamousSports
2024-05-11,Bdtk Women Shorts With Button Down Sides (1231-903805),Garments for women,/products/bdtk-women-shorts-with-button-down-sides-1231-903805-1231-903805-00209,CLOTHING AND FOOTWEAR,FamousSports
2024-05-11,Smart Watch Marea Bluetooth Talk Μαύρο B63002-1,Clocks and watches,https://evdokiajewellery.com/product/smart-watch-marea-bluetooth-talk-%ce%bc%ce%b1%cf%8d%cf%81%ce%bf-b63002-1,MISCELLANEOUS GOODS AND SERVICES,Evdokia Jewellery
2024-05-11,Ρολόι Q&Q VR99J009Y,Clocks and watches,https://evdokiajewellery.com/product/%cf%81%ce%bf%ce%bb%cf%8c%ce%b9-qq-vr99j009y,MISCELLANEOUS GOODS AND SERVICES,Evdokia Jewellery
2024-05-11,Ρολόι Q&Q VR99J001Y,Clocks and watches,https://evdokiajewellery.com/product/%cf%81%ce%bf%ce%bb%cf%8c%ce%b9-qq-vr99j001y,MISCELLANEOUS GOODS AND SERVICES,Evdokia Jewellery
2024-05-12,ΌροςΜαχαιράΜέλιΑνθέωνSqueeze480g,"Jams, marmalades and honey",oros-machaira-meli-antheon-squeeze-480g,FOOD AND NON-ALCOHOLIC BEVERAGES,SupermarketCy
2024-05-12,Ντομάτες1kg,Fresh or chilled vegetables other than potatoes and other tubers,ntomates-1kg-1,FOOD AND NON-ALCOHOLIC BEVERAGES,SupermarketCy
2024-05-12,WellaflexHairspra2ndDayVolumeExtraStrongHold250ml,Personal grooming treatments,wellaflex-hairspray-2nd-day-volume-echtra-dynato-kratima-250ml,MISCELLANEOUS GOODS AND SERVICES,SupermarketCy
2024-05-12,JohnsonsΜπατονέτες200Τεμ,"Articles for personal hygiene and wellness, esoteric products and beauty products",johnsons-mpatonetes-200tem,MISCELLANEOUS GOODS AND SERVICES,SupermarketCy
2024-05-12,GilletteBlueIiPlusSlalomΞυραφάκια10Τεμ,"Articles for personal hygiene and wellness, esoteric products and beauty products",gillette-blue-ii-xyrafakia-10tem-1,MISCELLANEOUS GOODS AND SERVICES,SupermarketCy
2024-05-12,3AQuinoa400g,Other cereal products,3a-kinoa-trikolore-400g,FOOD AND NON-ALCOHOLIC BEVERAGES,SupermarketCy
2024-05-12,ComfortGoldWildOrchid&SandalwoodFabricSoftener2L,Cleaning and maintenance products,comfort-gold-wild-orchid-sandalwood-malaktiko-2l,"FURNISHING, HOUSEHOLD EQUIPMENT AND SUPPLIES ",SupermarketCy
2024-05-12, LOUKAS P. LOUKA &amp; YIOS LIMITED,,loukas-p-louka-yios-limited?ref=listtile,,Fuel Daddy
2024-05-12,adidas boys essentials big logo cotton t-shirt (IB1670),Garments for men,/products/adidas-boys-essentials-big-logo-cotton-t-shirt-ib1670?option_variant_id=4,CLOTHING AND FOOTWEAR,FamousSports
2024-05-12,Bdtk Women Shorts With Button Down Sides (1231-903805),Garments for women,/products/bdtk-women-shorts-with-button-down-sides-1231-903805-1231-903805-00209,CLOTHING AND FOOTWEAR,FamousSports
2024-05-12,Smart Watch Marea Bluetooth Talk Μαύρο B63002-1,Clocks and watches,https://evdokiajewellery.com/product/smart-watch-marea-bluetooth-talk-%ce%bc%ce%b1%cf%8d%cf%81%ce%bf-b63002-1,MISCELLANEOUS GOODS AND SERVICES,Evdokia Jewellery
2024-05-12,Ρολόι Q&Q VR99J009Y,Clocks and watches,https://evdokiajewellery.com/product/%cf%81%ce%bf%ce%bb%cf%8c%ce%b9-qq-vr99j009y,MISCELLANEOUS GOODS AND SERVICES,Evdokia Jewellery
2024-05-12,Ρολόι Q&Q VR99J001Y,Clocks and watches,https://evdokiajewellery.com/product/%cf%81%ce%bf%ce%bb%cf%8c%ce%b9-qq-vr99j001y,MISCELLANEOUS GOODS AND SERVICES,Evdokia Jewellery
2024-05-13,ΌροςΜαχαιράΜέλιΑνθέωνSqueeze480g,"Jams, marmalades and honey",oros-machaira-meli-antheon-squeeze-480g,FOOD AND NON-ALCOHOLIC BEVERAGES,SupermarketCy
2024-05-13,Ντομάτες1kg,Fresh or chilled vegetables other than potatoes and other tubers,ntomates-1kg-1,FOOD AND NON-ALCOHOLIC BEVERAGES,SupermarketCy
2024-05-13,WellaflexHairspra2ndDayVolumeExtraStrongHold250ml,Personal grooming treatments,wellaflex-hairspray-2nd-day-volume-echtra-dynato-kratima-250ml,MISCELLANEOUS GOODS AND SERVICES,SupermarketCy
2024-05-13,JohnsonsΜπατονέτες200Τεμ,"Articles for personal hygiene and wellness, esoteric products and beauty products",johnsons-mpatonetes-200tem,MISCELLANEOUS GOODS AND SERVICES,SupermarketCy
2024-05-13,GilletteBlueIiPlusSlalomΞυραφάκια10Τεμ,"Articles for personal hygiene and wellness, esoteric products and beauty products",gillette-blue-ii-xyrafakia-10tem-1,MISCELLANEOUS GOODS AND SERVICES,SupermarketCy
2024-05-13,3AQuinoa400g,Other cereal products,3a-kinoa-trikolore-400g,FOOD AND NON-ALCOHOLIC BEVERAGES,SupermarketCy
2024-05-13,ComfortGoldWildOrchid&SandalwoodFabricSoftener2L,Cleaning and maintenance products,comfort-gold-wild-orchid-sandalwood-malaktiko-2l,"FURNISHING, HOUSEHOLD EQUIPMENT AND SUPPLIES ",SupermarketCy
2024-05-13, LOUKAS P. LOUKA &amp; YIOS LIMITED,,loukas-p-louka-yios-limited?ref=listtile,,Fuel Daddy
2024-05-13,adidas boys essentials big logo cotton t-shirt (IB1670),Garments for men,/products/adidas-boys-essentials-big-logo-cotton-t-shirt-ib1670?option_variant_id=4,CLOTHING AND FOOTWEAR,FamousSports
2024-05-13,Bdtk Women Shorts With Button Down Sides (1231-903805),Garments for women,/products/bdtk-women-shorts-with-button-down-sides-1231-903805-1231-903805-00209,CLOTHING AND FOOTWEAR,FamousSports
2024-05-13,Smart Watch Marea Bluetooth Talk Μαύρο B63002-1,Clocks and watches,https://evdokiajewellery.com/product/smart-watch-marea-bluetooth-talk-%ce%bc%ce%b1%cf%8d%cf%81%ce%bf-b63002-1,MISCELLANEOUS GOODS AND SERVICES,Evdokia Jewellery
2024-05-13,Ρολόι Q&Q VR99J009Y,Clocks and watches,https://evdokiajewellery.com/product/%cf%81%ce%bf%ce%bb%cf%8c%ce%b9-qq-vr99j009y,MISCELLANEOUS GOODS AND SERVICES,Evdokia Jewellery
2024-05-13,Ρολόι Q&Q VR99J001Y,Clocks and watches,https://evdokiajewellery.com/product/%cf%81%ce%bf%ce%bb%cf%8c%ce%b9-qq-vr99j001y,MISCELLANEOUS GOODS AND SERVICES,Evdokia Jewellery
2024-05-15,ΌροςΜαχαιράΜέλιΑνθέωνSqueeze480g,"Jams, marmalades and honey",oros-machaira-meli-antheon-squeeze-480g,FOOD AND NON-ALCOHOLIC BEVERAGES,SupermarketCy
2024-05-15,Ντομάτες1kg,Fresh or chilled vegetables other than potatoes and other tubers,ntomates-1kg-1,FOOD AND NON-ALCOHOLIC BEVERAGES,SupermarketCy
2024-05-15,Πράσινο Σταφύλι 1kg,Fresh or chilled fruit,prasino-stafyli-1kg,FOOD AND NON-ALCOHOLIC BEVERAGES,SupermarketCy
2024-05-15,ΠορτοκάλιαΓιαΧυμό1kg,Fresh or chilled fruit,portokalia-gia-chymo-1kg,FOOD AND NON-ALCOHOLIC BEVERAGES,SupermarketCy
2024-05-15,WellaflexHairspra2ndDayVolumeExtraStrongHold250ml,Personal grooming treatments,wellaflex-hairspray-2nd-day-volume-echtra-dynato-kratima-250ml,MISCELLANEOUS GOODS AND SERVICES,SupermarketCy
2024-05-15,JohnsonsΜπατονέτες200Τεμ,"Articles for personal hygiene and wellness, esoteric products and beauty products",johnsons-mpatonetes-200tem,MISCELLANEOUS GOODS AND SERVICES,SupermarketCy
2024-05-15,GilletteBlueIiPlusSlalomΞυραφάκια10Τεμ,"Articles for personal hygiene and wellness, esoteric products and beauty products",gillette-blue-ii-xyrafakia-10tem-1,MISCELLANEOUS GOODS AND SERVICES,SupermarketCy
2024-05-15,3AQuinoa400g,Other cereal products,3a-kinoa-trikolore-400g,FOOD AND NON-ALCOHOLIC BEVERAGES,SupermarketCy
2024-05-15,ComfortGoldWildOrchid&SandalwoodFabricSoftener2L,Cleaning and maintenance products,comfort-gold-wild-orchid-sandalwood-malaktiko-2l,"FURNISHING, HOUSEHOLD EQUIPMENT AND SUPPLIES ",SupermarketCy
2024-05-15,"Άγιος Νικόλαος 6X1,5L",Mineral or spring waters,agios-nikolaos-6x15l,FOOD AND NON-ALCOHOLIC BEVERAGES,SupermarketCy
2024-05-15, LOUKAS P. LOUKA &amp; YIOS LIMITED,,loukas-p-louka-yios-limited?ref=listtile,,Fuel Daddy
2024-05-15,Internet and Telephony 50,Internet access provision services,https://www.epic.com.cy/en/page/H1r10tnT/internet-telephony,COMMUNICATION,Epic
2024-05-15,CONTINENTAL - RACE KING RACESPORT MTB FOLDING TIRE,Tyres,/collections/mtb-tyres/products/continental-race-king-foldable,TRANSPORT,AWOL
2024-05-15,adidas boys essentials big logo cotton t-shirt (IB1670),Garments for men,/products/adidas-boys-essentials-big-logo-cotton-t-shirt-ib1670?option_variant_id=4,CLOTHING AND FOOTWEAR,FamousSports
2024-05-15,Bdtk Women Shorts With Button Down Sides (1231-903805),Garments for women,/products/bdtk-women-shorts-with-button-down-sides-1231-903805-1231-903805-00209,CLOTHING AND FOOTWEAR,FamousSports
2024-05-15,Smart Watch Marea Bluetooth Talk Μαύρο B63002-1,Clocks and watches,https://evdokiajewellery.com/product/smart-watch-marea-bluetooth-talk-%ce%bc%ce%b1%cf%8d%cf%81%ce%bf-b63002-1,MISCELLANEOUS GOODS AND SERVICES,Evdokia Jewellery
2024-05-15,Ρολόι Q&Q VR99J009Y,Clocks and watches,https://evdokiajewellery.com/product/%cf%81%ce%bf%ce%bb%cf%8c%ce%b9-qq-vr99j009y,MISCELLANEOUS GOODS AND SERVICES,Evdokia Jewellery
2024-05-15,Ρολόι Q&Q VR99J001Y,Clocks and watches,https://evdokiajewellery.com/product/%cf%81%ce%bf%ce%bb%cf%8c%ce%b9-qq-vr99j001y,MISCELLANEOUS GOODS AND SERVICES,Evdokia Jewellery
2024-05-16,ΌροςΜαχαιράΜέλιΑνθέωνSqueeze480g,"Jams, marmalades and honey",oros-machaira-meli-antheon-squeeze-480g,FOOD AND NON-ALCOHOLIC BEVERAGES,SupermarketCy
2024-05-16,Ντομάτες1kg,Fresh or chilled vegetables other than potatoes and other tubers,ntomates-1kg-1,FOOD AND NON-ALCOHOLIC BEVERAGES,SupermarketCy
2024-05-16,Πράσινο Σταφύλι 1kg,Fresh or chilled fruit,prasino-stafyli-1kg,FOOD AND NON-ALCOHOLIC BEVERAGES,SupermarketCy
2024-05-16,ΠορτοκάλιαΓιαΧυμό1kg,Fresh or chilled fruit,portokalia-gia-chymo-1kg,FOOD AND NON-ALCOHOLIC BEVERAGES,SupermarketCy
2024-05-16,WellaflexHairspra2ndDayVolumeExtraStrongHold250ml,Personal grooming treatments,wellaflex-hairspray-2nd-day-volume-echtra-dynato-kratima-250ml,MISCELLANEOUS GOODS AND SERVICES,SupermarketCy
2024-05-16,JohnsonsΜπατονέτες200Τεμ,"Articles for personal hygiene and wellness, esoteric products and beauty products",johnsons-mpatonetes-200tem,MISCELLANEOUS GOODS AND SERVICES,SupermarketCy
2024-05-16,GilletteBlueIiPlusSlalomΞυραφάκια10Τεμ,"Articles for personal hygiene and wellness, esoteric products and beauty products",gillette-blue-ii-xyrafakia-10tem-1,MISCELLANEOUS GOODS AND SERVICES,SupermarketCy
2024-05-16,3AQuinoa400g,Other cereal products,3a-kinoa-trikolore-400g,FOOD AND NON-ALCOHOLIC BEVERAGES,SupermarketCy
2024-05-16,ComfortGoldWildOrchid&SandalwoodFabricSoftener2L,Cleaning and maintenance products,comfort-gold-wild-orchid-sandalwood-malaktiko-2l,"FURNISHING, HOUSEHOLD EQUIPMENT AND SUPPLIES ",SupermarketCy
2024-05-16,"Άγιος Νικόλαος 6X1,5L",Mineral or spring waters,agios-nikolaos-6x15l,FOOD AND NON-ALCOHOLIC BEVERAGES,SupermarketCy
2024-05-16, LOUKAS P. LOUKA &amp; YIOS LIMITED,,loukas-p-louka-yios-limited?ref=listtile,,Fuel Daddy
2024-05-16,CONTINENTAL - RACE KING RACESPORT MTB FOLDING TIRE,Tyres,/collections/mtb-tyres/products/continental-race-king-foldable,TRANSPORT,AWOL
2024-05-16,adidas boys essentials big logo cotton t-shirt (IB1670),Garments for men,/products/adidas-boys-essentials-big-logo-cotton-t-shirt-ib1670?option_variant_id=4,CLOTHING AND FOOTWEAR,FamousSports
2024-05-16,Bdtk Women Shorts With Button Down Sides (1231-903805),Garments for women,/products/bdtk-women-shorts-with-button-down-sides-1231-903805-1231-903805-00209,CLOTHING AND FOOTWEAR,FamousSports
2024-05-16,Smart Watch Marea Bluetooth Talk Μαύρο B63002-1,Clocks and watches,https://evdokiajewellery.com/product/smart-watch-marea-bluetooth-talk-%ce%bc%ce%b1%cf%8d%cf%81%ce%bf-b63002-1,MISCELLANEOUS GOODS AND SERVICES,Evdokia Jewellery
2024-05-16,Ρολόι Q&Q VR99J009Y,Clocks and watches,https://evdokiajewellery.com/product/%cf%81%ce%bf%ce%bb%cf%8c%ce%b9-qq-vr99j009y,MISCELLANEOUS GOODS AND SERVICES,Evdokia Jewellery
2024-05-16,Ρολόι Q&Q VR99J001Y,Clocks and watches,https://evdokiajewellery.com/product/%cf%81%ce%bf%ce%bb%cf%8c%ce%b9-qq-vr99j001y,MISCELLANEOUS GOODS AND SERVICES,Evdokia Jewellery
2024-05-17,ΌροςΜαχαιράΜέλιΑνθέωνSqueeze480g,"Jams, marmalades and honey",oros-machaira-meli-antheon-squeeze-480g,FOOD AND NON-ALCOHOLIC BEVERAGES,SupermarketCy
2024-05-17,KinderCards25.6g,Other food products n.e.c.,kinder-cards-256g,FOOD AND NON-ALCOHOLIC BEVERAGES,SupermarketCy
2024-05-17,Πράσινο Σταφύλι 1kg,Fresh or chilled fruit,prasino-stafyli-1kg,FOOD AND NON-ALCOHOLIC BEVERAGES,SupermarketCy
2024-05-17,ΠορτοκάλιαΓιαΧυμό1kg,Fresh or chilled fruit,portokalia-gia-chymo-1kg,FOOD AND NON-ALCOHOLIC BEVERAGES,SupermarketCy
2024-05-17,WellaflexHairspra2ndDayVolumeExtraStrongHold250ml,Personal grooming treatments,wellaflex-hairspray-2nd-day-volume-echtra-dynato-kratima-250ml,MISCELLANEOUS GOODS AND SERVICES,SupermarketCy
2024-05-17,JohnsonsΜπατονέτες200Τεμ,"Articles for personal hygiene and wellness, esoteric products and beauty products",johnsons-mpatonetes-200tem,MISCELLANEOUS GOODS AND SERVICES,SupermarketCy
2024-05-17,GilletteBlueIiPlusSlalomΞυραφάκια10Τεμ,"Articles for personal hygiene and wellness, esoteric products and beauty products",gillette-blue-ii-xyrafakia-10tem-1,MISCELLANEOUS GOODS AND SERVICES,SupermarketCy
2024-05-17,3AQuinoa400g,Other cereal products,3a-kinoa-trikolore-400g,FOOD AND NON-ALCOHOLIC BEVERAGES,SupermarketCy
2024-05-17,ComfortGoldWildOrchid&SandalwoodFabricSoftener2L,Cleaning and maintenance products,comfort-gold-wild-orchid-sandalwood-malaktiko-2l,"FURNISHING, HOUSEHOLD EQUIPMENT AND SUPPLIES ",SupermarketCy
2024-05-17,"Άγιος Νικόλαος 6X1,5L",Mineral or spring waters,agios-nikolaos-6x15l,FOOD AND NON-ALCOHOLIC BEVERAGES,SupermarketCy
2024-05-17, LOUKAS P. LOUKA &amp; YIOS LIMITED,,loukas-p-louka-yios-limited?ref=listtile,,Fuel Daddy
2024-05-17,CONTINENTAL - RACE KING RACESPORT MTB FOLDING TIRE,Tyres,/collections/mtb-tyres/products/continental-race-king-foldable,TRANSPORT,AWOL
2024-05-17,adidas boys essentials big logo cotton t-shirt (IB1670),Garments for men,/products/adidas-boys-essentials-big-logo-cotton-t-shirt-ib1670?option_variant_id=4,CLOTHING AND FOOTWEAR,FamousSports
2024-05-17,Bdtk Women Shorts With Button Down Sides (1231-903805),Garments for women,/products/bdtk-women-shorts-with-button-down-sides-1231-903805-1231-903805-00209,CLOTHING AND FOOTWEAR,FamousSports
2024-05-17,Smart Watch Marea Bluetooth Talk Μαύρο B63002-1,Clocks and watches,https://evdokiajewellery.com/product/smart-watch-marea-bluetooth-talk-%ce%bc%ce%b1%cf%8d%cf%81%ce%bf-b63002-1,MISCELLANEOUS GOODS AND SERVICES,Evdokia Jewellery
2024-05-17,Ρολόι Q&Q VR99J009Y,Clocks and watches,https://evdokiajewellery.com/product/%cf%81%ce%bf%ce%bb%cf%8c%ce%b9-qq-vr99j009y,MISCELLANEOUS GOODS AND SERVICES,Evdokia Jewellery
2024-05-17,Ρολόι Q&Q VR99J001Y,Clocks and watches,https://evdokiajewellery.com/product/%cf%81%ce%bf%ce%bb%cf%8c%ce%b9-qq-vr99j001y,MISCELLANEOUS GOODS AND SERVICES,Evdokia Jewellery
2024-05-18,ΌροςΜαχαιράΜέλιΑνθέωνSqueeze480g,"Jams, marmalades and honey",oros-machaira-meli-antheon-squeeze-480g,FOOD AND NON-ALCOHOLIC BEVERAGES,SupermarketCy
2024-05-18,KinderCards25.6g,Other food products n.e.c.,kinder-cards-256g,FOOD AND NON-ALCOHOLIC BEVERAGES,SupermarketCy
2024-05-18,Πράσινο Σταφύλι 1kg,Fresh or chilled fruit,prasino-stafyli-1kg,FOOD AND NON-ALCOHOLIC BEVERAGES,SupermarketCy
2024-05-18,ΠορτοκάλιαΓιαΧυμό1kg,Fresh or chilled fruit,portokalia-gia-chymo-1kg,FOOD AND NON-ALCOHOLIC BEVERAGES,SupermarketCy
2024-05-18,WellaflexHairspra2ndDayVolumeExtraStrongHold250ml,Personal grooming treatments,wellaflex-hairspray-2nd-day-volume-echtra-dynato-kratima-250ml,MISCELLANEOUS GOODS AND SERVICES,SupermarketCy
2024-05-18,JohnsonsΜπατονέτες200Τεμ,"Articles for personal hygiene and wellness, esoteric products and beauty products",johnsons-mpatonetes-200tem,MISCELLANEOUS GOODS AND SERVICES,SupermarketCy
2024-05-18,GilletteBlueIiPlusSlalomΞυραφάκια10Τεμ,"Articles for personal hygiene and wellness, esoteric products and beauty products",gillette-blue-ii-xyrafakia-10tem-1,MISCELLANEOUS GOODS AND SERVICES,SupermarketCy
2024-05-18,3AQuinoa400g,Other cereal products,3a-kinoa-trikolore-400g,FOOD AND NON-ALCOHOLIC BEVERAGES,SupermarketCy
2024-05-18,ComfortGoldWildOrchid&SandalwoodFabricSoftener2L,Cleaning and maintenance products,comfort-gold-wild-orchid-sandalwood-malaktiko-2l,"FURNISHING, HOUSEHOLD EQUIPMENT AND SUPPLIES ",SupermarketCy
2024-05-18,"Άγιος Νικόλαος 6X1,5L",Mineral or spring waters,agios-nikolaos-6x15l,FOOD AND NON-ALCOHOLIC BEVERAGES,SupermarketCy
2024-05-18,CONTINENTAL - RACE KING RACESPORT MTB FOLDING TIRE,Tyres,/collections/mtb-tyres/products/continental-race-king-foldable,TRANSPORT,AWOL
2024-05-18,adidas boys essentials big logo cotton t-shirt (IB1670),Garments for men,/products/adidas-boys-essentials-big-logo-cotton-t-shirt-ib1670?option_variant_id=4,CLOTHING AND FOOTWEAR,FamousSports
2024-05-18,Bdtk Women Shorts With Button Down Sides (1231-903805),Garments for women,/products/bdtk-women-shorts-with-button-down-sides-1231-903805-1231-903805-00209,CLOTHING AND FOOTWEAR,FamousSports
2024-05-19,ΌροςΜαχαιράΜέλιΑνθέωνSqueeze480g,"Jams, marmalades and honey",oros-machaira-meli-antheon-squeeze-480g,FOOD AND NON-ALCOHOLIC BEVERAGES,SupermarketCy
2024-05-19,KinderCards25.6g,Other food products n.e.c.,kinder-cards-256g,FOOD AND NON-ALCOHOLIC BEVERAGES,SupermarketCy
2024-05-19,Πράσινο Σταφύλι 1kg,Fresh or chilled fruit,prasino-stafyli-1kg,FOOD AND NON-ALCOHOLIC BEVERAGES,SupermarketCy
2024-05-19,ΠορτοκάλιαΓιαΧυμό1kg,Fresh or chilled fruit,portokalia-gia-chymo-1kg,FOOD AND NON-ALCOHOLIC BEVERAGES,SupermarketCy
2024-05-19,WellaflexHairspra2ndDayVolumeExtraStrongHold250ml,Personal grooming treatments,wellaflex-hairspray-2nd-day-volume-echtra-dynato-kratima-250ml,MISCELLANEOUS GOODS AND SERVICES,SupermarketCy
2024-05-19,JohnsonsΜπατονέτες200Τεμ,"Articles for personal hygiene and wellness, esoteric products and beauty products",johnsons-mpatonetes-200tem,MISCELLANEOUS GOODS AND SERVICES,SupermarketCy
2024-05-19,GilletteBlueIiPlusSlalomΞυραφάκια10Τεμ,"Articles for personal hygiene and wellness, esoteric products and beauty products",gillette-blue-ii-xyrafakia-10tem-1,MISCELLANEOUS GOODS AND SERVICES,SupermarketCy
2024-05-19,3AQuinoa400g,Other cereal products,3a-kinoa-trikolore-400g,FOOD AND NON-ALCOHOLIC BEVERAGES,SupermarketCy
2024-05-19,ComfortGoldWildOrchid&SandalwoodFabricSoftener2L,Cleaning and maintenance products,comfort-gold-wild-orchid-sandalwood-malaktiko-2l,"FURNISHING, HOUSEHOLD EQUIPMENT AND SUPPLIES ",SupermarketCy
2024-05-19,"Άγιος Νικόλαος 6X1,5L",Mineral or spring waters,agios-nikolaos-6x15l,FOOD AND NON-ALCOHOLIC BEVERAGES,SupermarketCy
2024-05-19,CONTINENTAL - RACE KING RACESPORT MTB FOLDING TIRE,Tyres,/collections/mtb-tyres/products/continental-race-king-foldable,TRANSPORT,AWOL
2024-05-19,adidas boys essentials big logo cotton t-shirt (IB1670),Garments for men,/products/adidas-boys-essentials-big-logo-cotton-t-shirt-ib1670?option_variant_id=4,CLOTHING AND FOOTWEAR,FamousSports
2024-05-19,Bdtk Women Shorts With Button Down Sides (1231-903805),Garments for women,/products/bdtk-women-shorts-with-button-down-sides-1231-903805-1231-903805-00209,CLOTHING AND FOOTWEAR,FamousSports
2024-05-20,ΌροςΜαχαιράΜέλιΑνθέωνSqueeze480g,"Jams, marmalades and honey",oros-machaira-meli-antheon-squeeze-480g,FOOD AND NON-ALCOHOLIC BEVERAGES,SupermarketCy
2024-05-20,KinderCards25.6g,Other food products n.e.c.,kinder-cards-256g,FOOD AND NON-ALCOHOLIC BEVERAGES,SupermarketCy
2024-05-20,Πράσινο Σταφύλι 1kg,Fresh or chilled fruit,prasino-stafyli-1kg,FOOD AND NON-ALCOHOLIC BEVERAGES,SupermarketCy
2024-05-20,ΠορτοκάλιαΓιαΧυμό1kg,Fresh or chilled fruit,portokalia-gia-chymo-1kg,FOOD AND NON-ALCOHOLIC BEVERAGES,SupermarketCy
2024-05-20,WellaflexHairspra2ndDayVolumeExtraStrongHold250ml,Personal grooming treatments,wellaflex-hairspray-2nd-day-volume-echtra-dynato-kratima-250ml,MISCELLANEOUS GOODS AND SERVICES,SupermarketCy
2024-05-20,JohnsonsΜπατονέτες200Τεμ,"Articles for personal hygiene and wellness, esoteric products and beauty products",johnsons-mpatonetes-200tem,MISCELLANEOUS GOODS AND SERVICES,SupermarketCy
2024-05-20,GilletteBlueIiPlusSlalomΞυραφάκια10Τεμ,"Articles for personal hygiene and wellness, esoteric products and beauty products",gillette-blue-ii-xyrafakia-10tem-1,MISCELLANEOUS GOODS AND SERVICES,SupermarketCy
2024-05-20,3AQuinoa400g,Other cereal products,3a-kinoa-trikolore-400g,FOOD AND NON-ALCOHOLIC BEVERAGES,SupermarketCy
2024-05-20,ComfortGoldWildOrchid&SandalwoodFabricSoftener2L,Cleaning and maintenance products,comfort-gold-wild-orchid-sandalwood-malaktiko-2l,"FURNISHING, HOUSEHOLD EQUIPMENT AND SUPPLIES ",SupermarketCy
2024-05-20,"Άγιος Νικόλαος 6X1,5L",Mineral or spring waters,agios-nikolaos-6x15l,FOOD AND NON-ALCOHOLIC BEVERAGES,SupermarketCy
2024-05-20,CONTINENTAL - RACE KING RACESPORT MTB FOLDING TIRE,Tyres,/collections/mtb-tyres/products/continental-race-king-foldable,TRANSPORT,AWOL
2024-05-20,adidas boys essentials big logo cotton t-shirt (IB1670),Garments for men,/products/adidas-boys-essentials-big-logo-cotton-t-shirt-ib1670?option_variant_id=4,CLOTHING AND FOOTWEAR,FamousSports
2024-05-20,Bdtk Women Shorts With Button Down Sides (1231-903805),Garments for women,/products/bdtk-women-shorts-with-button-down-sides-1231-903805-1231-903805-00209,CLOTHING AND FOOTWEAR,FamousSports
2024-05-21,ΌροςΜαχαιράΜέλιΑνθέωνSqueeze480g,"Jams, marmalades and honey",oros-machaira-meli-antheon-squeeze-480g,FOOD AND NON-ALCOHOLIC BEVERAGES,SupermarketCy
2024-05-21,KinderCards25.6g,Other food products n.e.c.,kinder-cards-256g,FOOD AND NON-ALCOHOLIC BEVERAGES,SupermarketCy
2024-05-21,Πράσινο Σταφύλι 1kg,Fresh or chilled fruit,prasino-stafyli-1kg,FOOD AND NON-ALCOHOLIC BEVERAGES,SupermarketCy
2024-05-21,ΠορτοκάλιαΓιαΧυμό1kg,Fresh or chilled fruit,portokalia-gia-chymo-1kg,FOOD AND NON-ALCOHOLIC BEVERAGES,SupermarketCy
2024-05-21,BertiΠλήρες3.5%ΓάλαΜακράςΔιαρκείας1L,Preserved milk,berti-plires-35-gala-makras-diarkeias-1l,FOOD AND NON-ALCOHOLIC BEVERAGES,SupermarketCy
2024-05-21,WellaflexHairspra2ndDayVolumeExtraStrongHold250ml,Personal grooming treatments,wellaflex-hairspray-2nd-day-volume-echtra-dynato-kratima-250ml,MISCELLANEOUS GOODS AND SERVICES,SupermarketCy
2024-05-21,GilletteBlueIiPlusSlalomΞυραφάκια10Τεμ,"Articles for personal hygiene and wellness, esoteric products and beauty products",gillette-blue-ii-xyrafakia-10tem-1,MISCELLANEOUS GOODS AND SERVICES,SupermarketCy
2024-05-21,3AQuinoa400g,Other cereal products,3a-kinoa-trikolore-400g,FOOD AND NON-ALCOHOLIC BEVERAGES,SupermarketCy
2024-05-21,ComfortGoldWildOrchid&SandalwoodFabricSoftener2L,Cleaning and maintenance products,comfort-gold-wild-orchid-sandalwood-malaktiko-2l,"FURNISHING, HOUSEHOLD EQUIPMENT AND SUPPLIES ",SupermarketCy
2024-05-21,"Άγιος Νικόλαος 6X1,5L",Mineral or spring waters,agios-nikolaos-6x15l,FOOD AND NON-ALCOHOLIC BEVERAGES,SupermarketCy
2024-05-21,CONTINENTAL - RACE KING RACESPORT MTB FOLDING TIRE,Tyres,/collections/mtb-tyres/products/continental-race-king-foldable,TRANSPORT,AWOL
2024-05-21,Toyota Aygo X,Second-hand motor cars,https://www.toyota.com.cy/used-cars/pdp.toyota-aygo-x-2023-5-door-hatchback-automatic-petrol-4077c595-5c2c-42bd-8133-203d770ad125,TRANSPORT,Toyta
2024-05-21,Toyota Aygo X,Second-hand motor cars,https://www.toyota.com.cy/used-cars/pdp.toyota-aygo-x-2022-5-door-hatchback-automatic-petrol-9911b6a4-a285-4a2e-a83d-6e3201c061da,TRANSPORT,Toyta
2024-05-22,ΌροςΜαχαιράΜέλιΑνθέωνSqueeze480g,"Jams, marmalades and honey",oros-machaira-meli-antheon-squeeze-480g,FOOD AND NON-ALCOHOLIC BEVERAGES,SupermarketCy
2024-05-22,KinderCards25.6g,Other food products n.e.c.,kinder-cards-256g,FOOD AND NON-ALCOHOLIC BEVERAGES,SupermarketCy
2024-05-22,Πράσινο Σταφύλι 1kg,Fresh or chilled fruit,prasino-stafyli-1kg,FOOD AND NON-ALCOHOLIC BEVERAGES,SupermarketCy
2024-05-22,ΠορτοκάλιαΓιαΧυμό1kg,Fresh or chilled fruit,portokalia-gia-chymo-1kg,FOOD AND NON-ALCOHOLIC BEVERAGES,SupermarketCy
2024-05-22,BertiΠλήρες3.5%ΓάλαΜακράςΔιαρκείας1L,Preserved milk,berti-plires-35-gala-makras-diarkeias-1l,FOOD AND NON-ALCOHOLIC BEVERAGES,SupermarketCy
2024-05-22,WellaflexHairspra2ndDayVolumeExtraStrongHold250ml,Personal grooming treatments,wellaflex-hairspray-2nd-day-volume-echtra-dynato-kratima-250ml,MISCELLANEOUS GOODS AND SERVICES,SupermarketCy
2024-05-22,GilletteBlueIiPlusSlalomΞυραφάκια10Τεμ,"Articles for personal hygiene and wellness, esoteric products and beauty products",gillette-blue-ii-xyrafakia-10tem-1,MISCELLANEOUS GOODS AND SERVICES,SupermarketCy
2024-05-22,3AQuinoa400g,Other cereal products,3a-kinoa-trikolore-400g,FOOD AND NON-ALCOHOLIC BEVERAGES,SupermarketCy
2024-05-22,ComfortGoldWildOrchid&SandalwoodFabricSoftener2L,Cleaning and maintenance products,comfort-gold-wild-orchid-sandalwood-malaktiko-2l,"FURNISHING, HOUSEHOLD EQUIPMENT AND SUPPLIES ",SupermarketCy
2024-05-22,"Άγιος Νικόλαος 6X1,5L",Mineral or spring waters,agios-nikolaos-6x15l,FOOD AND NON-ALCOHOLIC BEVERAGES,SupermarketCy
2024-05-22,CONTINENTAL - RACE KING RACESPORT MTB FOLDING TIRE,Tyres,/collections/mtb-tyres/products/continental-race-king-foldable,TRANSPORT,AWOL
2024-05-22,Toyota Aygo X,Second-hand motor cars,https://www.toyota.com.cy/used-cars/pdp.toyota-aygo-x-2022-5-door-hatchback-automatic-petrol-9911b6a4-a285-4a2e-a83d-6e3201c061da,TRANSPORT,Toyta
2024-05-22,Toyota Aygo X,Second-hand motor cars,https://www.toyota.com.cy/used-cars/pdp.toyota-aygo-x-2023-5-door-hatchback-automatic-petrol-4077c595-5c2c-42bd-8133-203d770ad125,TRANSPORT,Toyta
2024-05-23,ΌροςΜαχαιράΜέλιΑνθέωνSqueeze480g,"Jams, marmalades and honey",oros-machaira-meli-antheon-squeeze-480g,FOOD AND NON-ALCOHOLIC BEVERAGES,SupermarketCy
2024-05-23,KinderCards25.6g,Other food products n.e.c.,kinder-cards-256g,FOOD AND NON-ALCOHOLIC BEVERAGES,SupermarketCy
2024-05-23,Πράσινο Σταφύλι 1kg,Fresh or chilled fruit,prasino-stafyli-1kg,FOOD AND NON-ALCOHOLIC BEVERAGES,SupermarketCy
2024-05-23,ΠορτοκάλιαΓιαΧυμό1kg,Fresh or chilled fruit,portokalia-gia-chymo-1kg,FOOD AND NON-ALCOHOLIC BEVERAGES,SupermarketCy
2024-05-23,BertiΠλήρες3.5%ΓάλαΜακράςΔιαρκείας1L,Preserved milk,berti-plires-35-gala-makras-diarkeias-1l,FOOD AND NON-ALCOHOLIC BEVERAGES,SupermarketCy
2024-05-23,WellaflexHairspra2ndDayVolumeExtraStrongHold250ml,Personal grooming treatments,wellaflex-hairspray-2nd-day-volume-echtra-dynato-kratima-250ml,MISCELLANEOUS GOODS AND SERVICES,SupermarketCy
2024-05-23,GilletteBlueIiPlusSlalomΞυραφάκια10Τεμ,"Articles for personal hygiene and wellness, esoteric products and beauty products",gillette-blue-ii-xyrafakia-10tem-1,MISCELLANEOUS GOODS AND SERVICES,SupermarketCy
2024-05-23,3AQuinoa400g,Other cereal products,3a-kinoa-trikolore-400g,FOOD AND NON-ALCOHOLIC BEVERAGES,SupermarketCy
2024-05-23,ComfortGoldWildOrchid&SandalwoodFabricSoftener2L,Cleaning and maintenance products,comfort-gold-wild-orchid-sandalwood-malaktiko-2l,"FURNISHING, HOUSEHOLD EQUIPMENT AND SUPPLIES ",SupermarketCy
2024-05-23,"Άγιος Νικόλαος 6X1,5L",Mineral or spring waters,agios-nikolaos-6x15l,FOOD AND NON-ALCOHOLIC BEVERAGES,SupermarketCy
2024-05-23,CONTINENTAL - RACE KING RACESPORT MTB FOLDING TIRE,Tyres,/collections/mtb-tyres/products/continental-race-king-foldable,TRANSPORT,AWOL
2024-05-23,Toyota Aygo X 2022,Second-hand motor cars,https://www.toyota.com.cy/used-cars/pdp.toyota-aygo-x-2022-5-door-hatchback-automatic-petrol-9911b6a4-a285-4a2e-a83d-6e3201c061da,TRANSPORT,Toyta
2024-05-23,Toyota Aygo X 2023,Second-hand motor cars,https://www.toyota.com.cy/used-cars/pdp.toyota-aygo-x-2023-5-door-hatchback-automatic-petrol-4077c595-5c2c-42bd-8133-203d770ad125,TRANSPORT,Toyta
2024-05-24,ΌροςΜαχαιράΜέλιΑνθέωνSqueeze480g,"Jams, marmalades and honey",oros-machaira-meli-antheon-squeeze-480g,FOOD AND NON-ALCOHOLIC BEVERAGES,SupermarketCy
2024-05-24,ΜαχαιράςΕξαιρετικόΠαρθένοΕλαιόλαδο1L,Olive oil,machairas-exairetiko-partheno-elaiolado-1l,FOOD AND NON-ALCOHOLIC BEVERAGES,SupermarketCy
2024-05-24,KinderCards25.6g,Other food products n.e.c.,kinder-cards-256g,FOOD AND NON-ALCOHOLIC BEVERAGES,SupermarketCy
2024-05-24,Πράσινο Σταφύλι 1kg,Fresh or chilled fruit,prasino-stafyli-1kg,FOOD AND NON-ALCOHOLIC BEVERAGES,SupermarketCy
2024-05-24,ΠορτοκάλιαΓιαΧυμό1kg,Fresh or chilled fruit,portokalia-gia-chymo-1kg,FOOD AND NON-ALCOHOLIC BEVERAGES,SupermarketCy
2024-05-24,BertiΠλήρες3.5%ΓάλαΜακράςΔιαρκείας1L,Preserved milk,berti-plires-35-gala-makras-diarkeias-1l,FOOD AND NON-ALCOHOLIC BEVERAGES,SupermarketCy
2024-05-24,WellaflexHairspra2ndDayVolumeExtraStrongHold250ml,Personal grooming treatments,wellaflex-hairspray-2nd-day-volume-echtra-dynato-kratima-250ml,MISCELLANEOUS GOODS AND SERVICES,SupermarketCy
2024-05-24,GilletteBlueIiPlusSlalomΞυραφάκια10Τεμ,"Articles for personal hygiene and wellness, esoteric products and beauty products",gillette-blue-ii-xyrafakia-10tem-1,MISCELLANEOUS GOODS AND SERVICES,SupermarketCy
2024-05-24,3AQuinoa400g,Other cereal products,3a-kinoa-trikolore-400g,FOOD AND NON-ALCOHOLIC BEVERAGES,SupermarketCy
2024-05-24,ComfortGoldWildOrchid&SandalwoodFabricSoftener2L,Cleaning and maintenance products,comfort-gold-wild-orchid-sandalwood-malaktiko-2l,"FURNISHING, HOUSEHOLD EQUIPMENT AND SUPPLIES ",SupermarketCy
2024-05-24,"Άγιος Νικόλαος 6X1,5L",Mineral or spring waters,agios-nikolaos-6x15l,FOOD AND NON-ALCOHOLIC BEVERAGES,SupermarketCy
2024-05-24,CONTINENTAL - RACE KING RACESPORT MTB FOLDING TIRE,Tyres,/collections/mtb-tyres/products/continental-race-king-foldable,TRANSPORT,AWOL
2024-05-24,Toyota Aygo X 2022,Second-hand motor cars,https://www.toyota.com.cy/used-cars/pdp.toyota-aygo-x-2022-5-door-hatchback-automatic-petrol-9911b6a4-a285-4a2e-a83d-6e3201c061da,TRANSPORT,Toyta
2024-05-24,Toyota Aygo X 2023,Second-hand motor cars,https://www.toyota.com.cy/used-cars/pdp.toyota-aygo-x-2023-5-door-hatchback-automatic-petrol-4077c595-5c2c-42bd-8133-203d770ad125,TRANSPORT,Toyta
2024-05-25,ΌροςΜαχαιράΜέλιΑνθέωνSqueeze480g,"Jams, marmalades and honey",oros-machaira-meli-antheon-squeeze-480g,FOOD AND NON-ALCOHOLIC BEVERAGES,SupermarketCy
2024-05-25,ΜαχαιράςΕξαιρετικόΠαρθένοΕλαιόλαδο1L,Olive oil,machairas-exairetiko-partheno-elaiolado-1l,FOOD AND NON-ALCOHOLIC BEVERAGES,SupermarketCy
2024-05-25,KinderCards25.6g,Other food products n.e.c.,kinder-cards-256g,FOOD AND NON-ALCOHOLIC BEVERAGES,SupermarketCy
2024-05-25,Πράσινο Σταφύλι 1kg,Fresh or chilled fruit,prasino-stafyli-1kg,FOOD AND NON-ALCOHOLIC BEVERAGES,SupermarketCy
2024-05-25,ΠορτοκάλιαΓιαΧυμό1kg,Fresh or chilled fruit,portokalia-gia-chymo-1kg,FOOD AND NON-ALCOHOLIC BEVERAGES,SupermarketCy
2024-05-25,BertiΠλήρες3.5%ΓάλαΜακράςΔιαρκείας1L,Preserved milk,berti-plires-35-gala-makras-diarkeias-1l,FOOD AND NON-ALCOHOLIC BEVERAGES,SupermarketCy
2024-05-25,WellaflexHairspra2ndDayVolumeExtraStrongHold250ml,Personal grooming treatments,wellaflex-hairspray-2nd-day-volume-echtra-dynato-kratima-250ml,MISCELLANEOUS GOODS AND SERVICES,SupermarketCy
2024-05-25,GilletteBlueIiPlusSlalomΞυραφάκια10Τεμ,"Articles for personal hygiene and wellness, esoteric products and beauty products",gillette-blue-ii-xyrafakia-10tem-1,MISCELLANEOUS GOODS AND SERVICES,SupermarketCy
2024-05-25,3AQuinoa400g,Other cereal products,3a-kinoa-trikolore-400g,FOOD AND NON-ALCOHOLIC BEVERAGES,SupermarketCy
2024-05-25,KolymbiShrimpsJingaPudBlanched500g,Frozen seafood,kolymbi-garides-jinga-apofloiomenes-provrasmenes-500g,FOOD AND NON-ALCOHOLIC BEVERAGES,SupermarketCy
2024-05-25,ComfortGoldWildOrchid&SandalwoodFabricSoftener2L,Cleaning and maintenance products,comfort-gold-wild-orchid-sandalwood-malaktiko-2l,"FURNISHING, HOUSEHOLD EQUIPMENT AND SUPPLIES ",SupermarketCy
2024-05-25,"Άγιος Νικόλαος 6X1,5L",Mineral or spring waters,agios-nikolaos-6x15l,FOOD AND NON-ALCOHOLIC BEVERAGES,SupermarketCy
2024-05-25,CONTINENTAL - RACE KING RACESPORT MTB FOLDING TIRE,Tyres,/collections/mtb-tyres/products/continental-race-king-foldable,TRANSPORT,AWOL
2024-05-26,ΌροςΜαχαιράΜέλιΑνθέωνSqueeze480g,"Jams, marmalades and honey",oros-machaira-meli-antheon-squeeze-480g,FOOD AND NON-ALCOHOLIC BEVERAGES,SupermarketCy
2024-05-26,ΜαχαιράςΕξαιρετικόΠαρθένοΕλαιόλαδο1L,Olive oil,machairas-exairetiko-partheno-elaiolado-1l,FOOD AND NON-ALCOHOLIC BEVERAGES,SupermarketCy
2024-05-26,KinderCards25.6g,Other food products n.e.c.,kinder-cards-256g,FOOD AND NON-ALCOHOLIC BEVERAGES,SupermarketCy
2024-05-26,Πράσινο Σταφύλι 1kg,Fresh or chilled fruit,prasino-stafyli-1kg,FOOD AND NON-ALCOHOLIC BEVERAGES,SupermarketCy
2024-05-26,ΠορτοκάλιαΓιαΧυμό1kg,Fresh or chilled fruit,portokalia-gia-chymo-1kg,FOOD AND NON-ALCOHOLIC BEVERAGES,SupermarketCy
2024-05-26,BertiΠλήρες3.5%ΓάλαΜακράςΔιαρκείας1L,Preserved milk,berti-plires-35-gala-makras-diarkeias-1l,FOOD AND NON-ALCOHOLIC BEVERAGES,SupermarketCy
2024-05-26,WellaflexHairspra2ndDayVolumeExtraStrongHold250ml,Personal grooming treatments,wellaflex-hairspray-2nd-day-volume-echtra-dynato-kratima-250ml,MISCELLANEOUS GOODS AND SERVICES,SupermarketCy
2024-05-26,GilletteBlueIiPlusSlalomΞυραφάκια10Τεμ,"Articles for personal hygiene and wellness, esoteric products and beauty products",gillette-blue-ii-xyrafakia-10tem-1,MISCELLANEOUS GOODS AND SERVICES,SupermarketCy
2024-05-26,3AQuinoa400g,Other cereal products,3a-kinoa-trikolore-400g,FOOD AND NON-ALCOHOLIC BEVERAGES,SupermarketCy
2024-05-26,KolymbiShrimpsJingaPudBlanched500g,Frozen seafood,kolymbi-garides-jinga-apofloiomenes-provrasmenes-500g,FOOD AND NON-ALCOHOLIC BEVERAGES,SupermarketCy
2024-05-26,ComfortGoldWildOrchid&SandalwoodFabricSoftener2L,Cleaning and maintenance products,comfort-gold-wild-orchid-sandalwood-malaktiko-2l,"FURNISHING, HOUSEHOLD EQUIPMENT AND SUPPLIES ",SupermarketCy
2024-05-26,"Άγιος Νικόλαος 6X1,5L",Mineral or spring waters,agios-nikolaos-6x15l,FOOD AND NON-ALCOHOLIC BEVERAGES,SupermarketCy
2024-05-26,CONTINENTAL - RACE KING RACESPORT MTB FOLDING TIRE,Tyres,/collections/mtb-tyres/products/continental-race-king-foldable,TRANSPORT,AWOL
2024-05-27,ΌροςΜαχαιράΜέλιΑνθέωνSqueeze480g,"Jams, marmalades and honey",oros-machaira-meli-antheon-squeeze-480g,FOOD AND NON-ALCOHOLIC BEVERAGES,SupermarketCy
2024-05-27,ΜαχαιράςΕξαιρετικόΠαρθένοΕλαιόλαδο1L,Olive oil,machairas-exairetiko-partheno-elaiolado-1l,FOOD AND NON-ALCOHOLIC BEVERAGES,SupermarketCy
2024-05-27,KinderCards25.6g,Other food products n.e.c.,kinder-cards-256g,FOOD AND NON-ALCOHOLIC BEVERAGES,SupermarketCy
2024-05-27,Πράσινο Σταφύλι 1kg,Fresh or chilled fruit,prasino-stafyli-1kg,FOOD AND NON-ALCOHOLIC BEVERAGES,SupermarketCy
2024-05-27,ΑχλάδιαConference1kg,Fresh or chilled fruit,achladia-conference-1kg,FOOD AND NON-ALCOHOLIC BEVERAGES,SupermarketCy
2024-05-27,ΠορτοκάλιαΓιαΧυμό1kg,Fresh or chilled fruit,portokalia-gia-chymo-1kg,FOOD AND NON-ALCOHOLIC BEVERAGES,SupermarketCy
2024-05-27,BertiΠλήρες3.5%ΓάλαΜακράςΔιαρκείας1L,Preserved milk,berti-plires-35-gala-makras-diarkeias-1l,FOOD AND NON-ALCOHOLIC BEVERAGES,SupermarketCy
2024-05-27,WellaflexHairspra2ndDayVolumeExtraStrongHold250ml,Personal grooming treatments,wellaflex-hairspray-2nd-day-volume-echtra-dynato-kratima-250ml,MISCELLANEOUS GOODS AND SERVICES,SupermarketCy
2024-05-27,GilletteBlueIiPlusSlalomΞυραφάκια10Τεμ,"Articles for personal hygiene and wellness, esoteric products and beauty products",gillette-blue-ii-xyrafakia-10tem-1,MISCELLANEOUS GOODS AND SERVICES,SupermarketCy
2024-05-27,3AQuinoa400g,Other cereal products,3a-kinoa-trikolore-400g,FOOD AND NON-ALCOHOLIC BEVERAGES,SupermarketCy
2024-05-27,KolymbiShrimpsJingaPudBlanched500g,Frozen seafood,kolymbi-garides-jinga-apofloiomenes-provrasmenes-500g,FOOD AND NON-ALCOHOLIC BEVERAGES,SupermarketCy
2024-05-27,ComfortGoldWildOrchid&SandalwoodFabricSoftener2L,Cleaning and maintenance products,comfort-gold-wild-orchid-sandalwood-malaktiko-2l,"FURNISHING, HOUSEHOLD EQUIPMENT AND SUPPLIES ",SupermarketCy
2024-05-27,"Άγιος Νικόλαος 6X1,5L",Mineral or spring waters,agios-nikolaos-6x15l,FOOD AND NON-ALCOHOLIC BEVERAGES,SupermarketCy
2024-05-27,CONTINENTAL - RACE KING RACESPORT MTB FOLDING TIRE,Tyres,/collections/mtb-tyres/products/continental-race-king-foldable,TRANSPORT,AWOL
2024-05-27,Original Duo with 2 Reg Drinks,Fast food and take away food services,https://wolt.com/en/cyp/nicosia/restaurant/kfc-aglantzia/original-duo-with-2-reg-drinks-itemid-63c1081f6ba0b6f1966770a3,RESTAURANTS AND HOTELS,Wolt
2024-05-27,Snack Box,Fast food and take away food services,https://wolt.com/en/cyp/nicosia/restaurant/kfc-aglantzia/snack-box-itemid-65563497466e021ddd48720e,RESTAURANTS AND HOTELS,Wolt
2024-05-28,ΌροςΜαχαιράΜέλιΑνθέωνSqueeze480g,"Jams, marmalades and honey",oros-machaira-meli-antheon-squeeze-480g,FOOD AND NON-ALCOHOLIC BEVERAGES,SupermarketCy
2024-05-28,ΜαχαιράςΕξαιρετικόΠαρθένοΕλαιόλαδο1L,Olive oil,machairas-exairetiko-partheno-elaiolado-1l,FOOD AND NON-ALCOHOLIC BEVERAGES,SupermarketCy
2024-05-28,KinderCards25.6g,Other food products n.e.c.,kinder-cards-256g,FOOD AND NON-ALCOHOLIC BEVERAGES,SupermarketCy
2024-05-28,Πράσινο Σταφύλι 1kg,Fresh or chilled fruit,prasino-stafyli-1kg,FOOD AND NON-ALCOHOLIC BEVERAGES,SupermarketCy
2024-05-28,ΑχλάδιαConference1kg,Fresh or chilled fruit,achladia-conference-1kg,FOOD AND NON-ALCOHOLIC BEVERAGES,SupermarketCy
2024-05-28,Ακτινίδια500g,Fresh or chilled fruit,aktinidia-500g,FOOD AND NON-ALCOHOLIC BEVERAGES,SupermarketCy
2024-05-28,ΠορτοκάλιαΓιαΧυμό1kg,Fresh or chilled fruit,portokalia-gia-chymo-1kg,FOOD AND NON-ALCOHOLIC BEVERAGES,SupermarketCy
2024-05-28,BertiΠλήρες3.5%ΓάλαΜακράςΔιαρκείας1L,Preserved milk,berti-plires-35-gala-makras-diarkeias-1l,FOOD AND NON-ALCOHOLIC BEVERAGES,SupermarketCy
2024-05-28,WellaflexHairspra2ndDayVolumeExtraStrongHold250ml,Personal grooming treatments,wellaflex-hairspray-2nd-day-volume-echtra-dynato-kratima-250ml,MISCELLANEOUS GOODS AND SERVICES,SupermarketCy
2024-05-28,GilletteBlueIiPlusSlalomΞυραφάκια10Τεμ,"Articles for personal hygiene and wellness, esoteric products and beauty products",gillette-blue-ii-xyrafakia-10tem-1,MISCELLANEOUS GOODS AND SERVICES,SupermarketCy
2024-05-28,3AQuinoa400g,Other cereal products,3a-kinoa-trikolore-400g,FOOD AND NON-ALCOHOLIC BEVERAGES,SupermarketCy
2024-05-28,KolymbiShrimpsJingaPudBlanched500g,Frozen seafood,kolymbi-garides-jinga-apofloiomenes-provrasmenes-500g,FOOD AND NON-ALCOHOLIC BEVERAGES,SupermarketCy
2024-05-28,ComfortGoldWildOrchid&SandalwoodFabricSoftener2L,Cleaning and maintenance products,comfort-gold-wild-orchid-sandalwood-malaktiko-2l,"FURNISHING, HOUSEHOLD EQUIPMENT AND SUPPLIES ",SupermarketCy
2024-05-28,"Άγιος Νικόλαος 6X1,5L",Mineral or spring waters,agios-nikolaos-6x15l,FOOD AND NON-ALCOHOLIC BEVERAGES,SupermarketCy
2024-05-28,CONTINENTAL - RACE KING RACESPORT MTB FOLDING TIRE,Tyres,/collections/mtb-tyres/products/continental-race-king-foldable,TRANSPORT,AWOL
2024-05-28,Original Duo with 2 Reg Drinks,Fast food and take away food services,https://wolt.com/en/cyp/nicosia/restaurant/kfc-aglantzia/original-duo-with-2-reg-drinks-itemid-63c1081f6ba0b6f1966770a3,RESTAURANTS AND HOTELS,Wolt
2024-05-28,Snack Box,Fast food and take away food services,https://wolt.com/en/cyp/nicosia/restaurant/kfc-aglantzia/snack-box-itemid-65563497466e021ddd48720e,RESTAURANTS AND HOTELS,Wolt
2024-05-29,ΌροςΜαχαιράΜέλιΑνθέωνSqueeze480g,"Jams, marmalades and honey",oros-machaira-meli-antheon-squeeze-480g,FOOD AND NON-ALCOHOLIC BEVERAGES,SupermarketCy
2024-05-29,ΜαχαιράςΕξαιρετικόΠαρθένοΕλαιόλαδο1L,Olive oil,machairas-exairetiko-partheno-elaiolado-1l,FOOD AND NON-ALCOHOLIC BEVERAGES,SupermarketCy
2024-05-29,KinderCards25.6g,Other food products n.e.c.,kinder-cards-256g,FOOD AND NON-ALCOHOLIC BEVERAGES,SupermarketCy
2024-05-29,Πράσινο Σταφύλι 1kg,Fresh or chilled fruit,prasino-stafyli-1kg,FOOD AND NON-ALCOHOLIC BEVERAGES,SupermarketCy
2024-05-29,ΑχλάδιαConference1kg,Fresh or chilled fruit,achladia-conference-1kg,FOOD AND NON-ALCOHOLIC BEVERAGES,SupermarketCy
2024-05-29,Ακτινίδια500g,Fresh or chilled fruit,aktinidia-500g,FOOD AND NON-ALCOHOLIC BEVERAGES,SupermarketCy
2024-05-29,ΠορτοκάλιαΓιαΧυμό1kg,Fresh or chilled fruit,portokalia-gia-chymo-1kg,FOOD AND NON-ALCOHOLIC BEVERAGES,SupermarketCy
2024-05-29,BertiΠλήρες3.5%ΓάλαΜακράςΔιαρκείας1L,Preserved milk,berti-plires-35-gala-makras-diarkeias-1l,FOOD AND NON-ALCOHOLIC BEVERAGES,SupermarketCy
2024-05-29,WellaflexHairspra2ndDayVolumeExtraStrongHold250ml,Personal grooming treatments,wellaflex-hairspray-2nd-day-volume-echtra-dynato-kratima-250ml,MISCELLANEOUS GOODS AND SERVICES,SupermarketCy
2024-05-29,GilletteBlueIiPlusSlalomΞυραφάκια10Τεμ,"Articles for personal hygiene and wellness, esoteric products and beauty products",gillette-blue-ii-xyrafakia-10tem-1,MISCELLANEOUS GOODS AND SERVICES,SupermarketCy
2024-05-29,3AQuinoa400g,Other cereal products,3a-kinoa-trikolore-400g,FOOD AND NON-ALCOHOLIC BEVERAGES,SupermarketCy
2024-05-29,KolymbiShrimpsJingaPudBlanched500g,Frozen seafood,kolymbi-garides-jinga-apofloiomenes-provrasmenes-500g,FOOD AND NON-ALCOHOLIC BEVERAGES,SupermarketCy
2024-05-29,ComfortGoldWildOrchid&SandalwoodFabricSoftener2L,Cleaning and maintenance products,comfort-gold-wild-orchid-sandalwood-malaktiko-2l,"FURNISHING, HOUSEHOLD EQUIPMENT AND SUPPLIES ",SupermarketCy
2024-05-29,Φορητός υπολογιστής ACER TravelMate Spin B3 NX.VN8ET.00D μαύρο,Personal computers,/products/information-technology/laptops-and-accessories/laptops/373112,RECREATION AND CULTURE,Stephanis
2024-05-29,CONTINENTAL - RACE KING RACESPORT MTB FOLDING TIRE,Tyres,/collections/mtb-tyres/products/continental-race-king-foldable,TRANSPORT,AWOL
2024-05-29,Original Duo with 2 Reg Drinks,Fast food and take away food services,https://wolt.com/en/cyp/nicosia/restaurant/kfc-aglantzia/original-duo-with-2-reg-drinks-itemid-63c1081f6ba0b6f1966770a3,RESTAURANTS AND HOTELS,Wolt
2024-05-29,Snack Box,Fast food and take away food services,https://wolt.com/en/cyp/nicosia/restaurant/kfc-aglantzia/snack-box-itemid-65563497466e021ddd48720e,RESTAURANTS AND HOTELS,Wolt
2024-05-30,ΌροςΜαχαιράΜέλιΑνθέωνSqueeze480g,"Jams, marmalades and honey",oros-machaira-meli-antheon-squeeze-480g,FOOD AND NON-ALCOHOLIC BEVERAGES,SupermarketCy
2024-05-30,ΜαχαιράςΕξαιρετικόΠαρθένοΕλαιόλαδο1L,Olive oil,machairas-exairetiko-partheno-elaiolado-1l,FOOD AND NON-ALCOHOLIC BEVERAGES,SupermarketCy
2024-05-30,KinderCards25.6g,Other food products n.e.c.,kinder-cards-256g,FOOD AND NON-ALCOHOLIC BEVERAGES,SupermarketCy
2024-05-30,Πράσινο Σταφύλι 1kg,Fresh or chilled fruit,prasino-stafyli-1kg,FOOD AND NON-ALCOHOLIC BEVERAGES,SupermarketCy
2024-05-30,ΑχλάδιαConference1kg,Fresh or chilled fruit,achladia-conference-1kg,FOOD AND NON-ALCOHOLIC BEVERAGES,SupermarketCy
2024-05-30,Ακτινίδια500g,Fresh or chilled fruit,aktinidia-500g,FOOD AND NON-ALCOHOLIC BEVERAGES,SupermarketCy
2024-05-30,ΠορτοκάλιαΓιαΧυμό1kg,Fresh or chilled fruit,portokalia-gia-chymo-1kg,FOOD AND NON-ALCOHOLIC BEVERAGES,SupermarketCy
2024-05-30,BertiΠλήρες3.5%ΓάλαΜακράςΔιαρκείας1L,Preserved milk,berti-plires-35-gala-makras-diarkeias-1l,FOOD AND NON-ALCOHOLIC BEVERAGES,SupermarketCy
2024-05-30,WellaflexHairspra2ndDayVolumeExtraStrongHold250ml,Personal grooming treatments,wellaflex-hairspray-2nd-day-volume-echtra-dynato-kratima-250ml,MISCELLANEOUS GOODS AND SERVICES,SupermarketCy
2024-05-30,GilletteBlueIiPlusSlalomΞυραφάκια10Τεμ,"Articles for personal hygiene and wellness, esoteric products and beauty products",gillette-blue-ii-xyrafakia-10tem-1,MISCELLANEOUS GOODS AND SERVICES,SupermarketCy
2024-05-30,3AQuinoa400g,Other cereal products,3a-kinoa-trikolore-400g,FOOD AND NON-ALCOHOLIC BEVERAGES,SupermarketCy
2024-05-30,KolymbiShrimpsJingaPudBlanched500g,Frozen seafood,kolymbi-garides-jinga-apofloiomenes-provrasmenes-500g,FOOD AND NON-ALCOHOLIC BEVERAGES,SupermarketCy
2024-05-30,ComfortGoldWildOrchid&SandalwoodFabricSoftener2L,Cleaning and maintenance products,comfort-gold-wild-orchid-sandalwood-malaktiko-2l,"FURNISHING, HOUSEHOLD EQUIPMENT AND SUPPLIES ",SupermarketCy
2024-05-30,Άγιος Νικόλαος 12X500ml,Mineral or spring waters,agios-nikolaos-12x500ml,FOOD AND NON-ALCOHOLIC BEVERAGES,SupermarketCy
2024-05-30,Φορητός υπολογιστής ACER TravelMate Spin B3 NX.VN8ET.00D μαύρο,Personal computers,/products/information-technology/laptops-and-accessories/laptops/373112,RECREATION AND CULTURE,Stephanis
2024-05-30,CONTINENTAL - RACE KING RACESPORT MTB FOLDING TIRE,Tyres,/collections/mtb-tyres/products/continental-race-king-foldable,TRANSPORT,AWOL
2024-05-30,Original Duo with 2 Reg Drinks,Fast food and take away food services,https://wolt.com/en/cyp/nicosia/restaurant/kfc-aglantzia/original-duo-with-2-reg-drinks-itemid-63c1081f6ba0b6f1966770a3,RESTAURANTS AND HOTELS,Wolt
2024-05-30,Snack Box,Fast food and take away food services,https://wolt.com/en/cyp/nicosia/restaurant/kfc-aglantzia/snack-box-itemid-65563497466e021ddd48720e,RESTAURANTS AND HOTELS,Wolt
2024-05-31,ΌροςΜαχαιράΜέλιΑνθέωνSqueeze480g,"Jams, marmalades and honey",oros-machaira-meli-antheon-squeeze-480g,FOOD AND NON-ALCOHOLIC BEVERAGES,SupermarketCy
2024-05-31,ΜαχαιράςΕξαιρετικόΠαρθένοΕλαιόλαδο1L,Olive oil,machairas-exairetiko-partheno-elaiolado-1l,FOOD AND NON-ALCOHOLIC BEVERAGES,SupermarketCy
2024-05-31,KinderCards25.6g,Other food products n.e.c.,kinder-cards-256g,FOOD AND NON-ALCOHOLIC BEVERAGES,SupermarketCy
2024-05-31,Πράσινο Σταφύλι 1kg,Fresh or chilled fruit,prasino-stafyli-1kg,FOOD AND NON-ALCOHOLIC BEVERAGES,SupermarketCy
2024-05-31,ΑχλάδιαConference1kg,Fresh or chilled fruit,achladia-conference-1kg,FOOD AND NON-ALCOHOLIC BEVERAGES,SupermarketCy
2024-05-31,Ακτινίδια500g,Fresh or chilled fruit,aktinidia-500g,FOOD AND NON-ALCOHOLIC BEVERAGES,SupermarketCy
2024-05-31,ΠορτοκάλιαΓιαΧυμό1kg,Fresh or chilled fruit,portokalia-gia-chymo-1kg,FOOD AND NON-ALCOHOLIC BEVERAGES,SupermarketCy
2024-05-31,BertiΠλήρες3.5%ΓάλαΜακράςΔιαρκείας1L,Preserved milk,berti-plires-35-gala-makras-diarkeias-1l,FOOD AND NON-ALCOHOLIC BEVERAGES,SupermarketCy
2024-05-31,WellaflexHairspra2ndDayVolumeExtraStrongHold250ml,Personal grooming treatments,wellaflex-hairspray-2nd-day-volume-echtra-dynato-kratima-250ml,MISCELLANEOUS GOODS AND SERVICES,SupermarketCy
2024-05-31,GilletteBlueIiPlusSlalomΞυραφάκια10Τεμ,"Articles for personal hygiene and wellness, esoteric products and beauty products",gillette-blue-ii-xyrafakia-10tem-1,MISCELLANEOUS GOODS AND SERVICES,SupermarketCy
2024-05-31,3AQuinoa400g,Other cereal products,3a-kinoa-trikolore-400g,FOOD AND NON-ALCOHOLIC BEVERAGES,SupermarketCy
2024-05-31,KolymbiShrimpsJingaPudBlanched500g,Frozen seafood,kolymbi-garides-jinga-apofloiomenes-provrasmenes-500g,FOOD AND NON-ALCOHOLIC BEVERAGES,SupermarketCy
2024-05-31,ComfortGoldWildOrchid&SandalwoodFabricSoftener2L,Cleaning and maintenance products,comfort-gold-wild-orchid-sandalwood-malaktiko-2l,"FURNISHING, HOUSEHOLD EQUIPMENT AND SUPPLIES ",SupermarketCy
2024-05-31,Άγιος Νικόλαος 12X500ml,Mineral or spring waters,agios-nikolaos-12x500ml,FOOD AND NON-ALCOHOLIC BEVERAGES,SupermarketCy
2024-05-31,Φορητός υπολογιστής ACER TravelMate Spin B3 NX.VN8ET.00D μαύρο,Personal computers,/products/information-technology/laptops-and-accessories/laptops/373112,RECREATION AND CULTURE,Stephanis
2024-05-31,CONTINENTAL - RACE KING RACESPORT MTB FOLDING TIRE,Tyres,/collections/mtb-tyres/products/continental-race-king-foldable,TRANSPORT,AWOL
2024-05-31,Original Duo with 2 Reg Drinks,Fast food and take away food services,https://wolt.com/en/cyp/nicosia/restaurant/kfc-aglantzia/original-duo-with-2-reg-drinks-itemid-63c1081f6ba0b6f1966770a3,RESTAURANTS AND HOTELS,Wolt
2024-05-31,Snack Box,Fast food and take away food services,https://wolt.com/en/cyp/nicosia/restaurant/kfc-aglantzia/snack-box-itemid-65563497466e021ddd48720e,RESTAURANTS AND HOTELS,Wolt
2024-06-01,ΌροςΜαχαιράΜέλιΑνθέωνSqueeze480g,"Jams, marmalades and honey",oros-machaira-meli-antheon-squeeze-480g,FOOD AND NON-ALCOHOLIC BEVERAGES,SupermarketCy
2024-06-01,ΜαχαιράςΕξαιρετικόΠαρθένοΕλαιόλαδο1L,Olive oil,machairas-exairetiko-partheno-elaiolado-1l,FOOD AND NON-ALCOHOLIC BEVERAGES,SupermarketCy
2024-06-01,KinderCards25.6g,Other food products n.e.c.,kinder-cards-256g,FOOD AND NON-ALCOHOLIC BEVERAGES,SupermarketCy
2024-06-01,Πράσινο Σταφύλι 1kg,Fresh or chilled fruit,prasino-stafyli-1kg,FOOD AND NON-ALCOHOLIC BEVERAGES,SupermarketCy
2024-06-01,ΑχλάδιαConference1kg,Fresh or chilled fruit,achladia-conference-1kg,FOOD AND NON-ALCOHOLIC BEVERAGES,SupermarketCy
2024-06-01,Ακτινίδια500g,Fresh or chilled fruit,aktinidia-500g,FOOD AND NON-ALCOHOLIC BEVERAGES,SupermarketCy
2024-06-01,ΠορτοκάλιαΓιαΧυμό1kg,Fresh or chilled fruit,portokalia-gia-chymo-1kg,FOOD AND NON-ALCOHOLIC BEVERAGES,SupermarketCy
2024-06-01,BertiΠλήρες3.5%ΓάλαΜακράςΔιαρκείας1L,Preserved milk,berti-plires-35-gala-makras-diarkeias-1l,FOOD AND NON-ALCOHOLIC BEVERAGES,SupermarketCy
2024-06-01,WellaflexHairspra2ndDayVolumeExtraStrongHold250ml,Personal grooming treatments,wellaflex-hairspray-2nd-day-volume-echtra-dynato-kratima-250ml,MISCELLANEOUS GOODS AND SERVICES,SupermarketCy
2024-06-01,GilletteBlueIiPlusSlalomΞυραφάκια10Τεμ,"Articles for personal hygiene and wellness, esoteric products and beauty products",gillette-blue-ii-xyrafakia-10tem-1,MISCELLANEOUS GOODS AND SERVICES,SupermarketCy
2024-06-01,3AQuinoa400g,Other cereal products,3a-kinoa-trikolore-400g,FOOD AND NON-ALCOHOLIC BEVERAGES,SupermarketCy
2024-06-01,KolymbiShrimpsJingaPudBlanched500g,Frozen seafood,kolymbi-garides-jinga-apofloiomenes-provrasmenes-500g,FOOD AND NON-ALCOHOLIC BEVERAGES,SupermarketCy
2024-06-01,ComfortGoldWildOrchid&SandalwoodFabricSoftener2L,Cleaning and maintenance products,comfort-gold-wild-orchid-sandalwood-malaktiko-2l,"FURNISHING, HOUSEHOLD EQUIPMENT AND SUPPLIES ",SupermarketCy
2024-06-01,Άγιος Νικόλαος 12X500ml,Mineral or spring waters,agios-nikolaos-12x500ml,FOOD AND NON-ALCOHOLIC BEVERAGES,SupermarketCy
2024-06-01,Φορητός υπολογιστής ACER TravelMate Spin B3 NX.VN8ET.00D μαύρο,Personal computers,/products/information-technology/laptops-and-accessories/laptops/373112,RECREATION AND CULTURE,Stephanis
2024-06-01,CONTINENTAL - RACE KING RACESPORT MTB FOLDING TIRE,Tyres,/collections/mtb-tyres/products/continental-race-king-foldable,TRANSPORT,AWOL
2024-06-01,Original Duo with 2 Reg Drinks,Fast food and take away food services,https://wolt.com/en/cyp/nicosia/restaurant/kfc-aglantzia/original-duo-with-2-reg-drinks-itemid-63c1081f6ba0b6f1966770a3,RESTAURANTS AND HOTELS,Wolt
2024-06-01,Snack Box,Fast food and take away food services,https://wolt.com/en/cyp/nicosia/restaurant/kfc-aglantzia/snack-box-itemid-65563497466e021ddd48720e,RESTAURANTS AND HOTELS,Wolt
2024-06-02,ΌροςΜαχαιράΜέλιΑνθέωνSqueeze480g,"Jams, marmalades and honey",oros-machaira-meli-antheon-squeeze-480g,FOOD AND NON-ALCOHOLIC BEVERAGES,SupermarketCy
2024-06-02,ΜαχαιράςΕξαιρετικόΠαρθένοΕλαιόλαδο1L,Olive oil,machairas-exairetiko-partheno-elaiolado-1l,FOOD AND NON-ALCOHOLIC BEVERAGES,SupermarketCy
2024-06-02,KinderCards25.6g,Other food products n.e.c.,kinder-cards-256g,FOOD AND NON-ALCOHOLIC BEVERAGES,SupermarketCy
2024-06-02,Πράσινο Σταφύλι 1kg,Fresh or chilled fruit,prasino-stafyli-1kg,FOOD AND NON-ALCOHOLIC BEVERAGES,SupermarketCy
2024-06-02,ΑχλάδιαConference1kg,Fresh or chilled fruit,achladia-conference-1kg,FOOD AND NON-ALCOHOLIC BEVERAGES,SupermarketCy
2024-06-02,Ακτινίδια500g,Fresh or chilled fruit,aktinidia-500g,FOOD AND NON-ALCOHOLIC BEVERAGES,SupermarketCy
2024-06-02,ΠορτοκάλιαΓιαΧυμό1kg,Fresh or chilled fruit,portokalia-gia-chymo-1kg,FOOD AND NON-ALCOHOLIC BEVERAGES,SupermarketCy
2024-06-02,BertiΠλήρες3.5%ΓάλαΜακράςΔιαρκείας1L,Preserved milk,berti-plires-35-gala-makras-diarkeias-1l,FOOD AND NON-ALCOHOLIC BEVERAGES,SupermarketCy
2024-06-02,WellaflexHairspra2ndDayVolumeExtraStrongHold250ml,Personal grooming treatments,wellaflex-hairspray-2nd-day-volume-echtra-dynato-kratima-250ml,MISCELLANEOUS GOODS AND SERVICES,SupermarketCy
2024-06-02,GilletteBlueIiPlusSlalomΞυραφάκια10Τεμ,"Articles for personal hygiene and wellness, esoteric products and beauty products",gillette-blue-ii-xyrafakia-10tem-1,MISCELLANEOUS GOODS AND SERVICES,SupermarketCy
2024-06-02,3AQuinoa400g,Other cereal products,3a-kinoa-trikolore-400g,FOOD AND NON-ALCOHOLIC BEVERAGES,SupermarketCy
2024-06-02,KolymbiShrimpsJingaPudBlanched500g,Frozen seafood,kolymbi-garides-jinga-apofloiomenes-provrasmenes-500g,FOOD AND NON-ALCOHOLIC BEVERAGES,SupermarketCy
2024-06-02,ComfortGoldWildOrchid&SandalwoodFabricSoftener2L,Cleaning and maintenance products,comfort-gold-wild-orchid-sandalwood-malaktiko-2l,"FURNISHING, HOUSEHOLD EQUIPMENT AND SUPPLIES ",SupermarketCy
2024-06-02,Άγιος Νικόλαος 12X500ml,Mineral or spring waters,agios-nikolaos-12x500ml,FOOD AND NON-ALCOHOLIC BEVERAGES,SupermarketCy
2024-06-02,Φορητός υπολογιστής ACER TravelMate Spin B3 NX.VN8ET.00D μαύρο,Personal computers,/products/information-technology/laptops-and-accessories/laptops/373112,RECREATION AND CULTURE,Stephanis
2024-06-02,CONTINENTAL - RACE KING RACESPORT MTB FOLDING TIRE,Tyres,/collections/mtb-tyres/products/continental-race-king-foldable,TRANSPORT,AWOL
2024-06-02,Original Duo with 2 Reg Drinks,Fast food and take away food services,https://wolt.com/en/cyp/nicosia/restaurant/kfc-aglantzia/original-duo-with-2-reg-drinks-itemid-63c1081f6ba0b6f1966770a3,RESTAURANTS AND HOTELS,Wolt
2024-06-02,Snack Box,Fast food and take away food services,https://wolt.com/en/cyp/nicosia/restaurant/kfc-aglantzia/snack-box-itemid-65563497466e021ddd48720e,RESTAURANTS AND HOTELS,Wolt
2024-06-03,ΜαχαιράςΕξαιρετικόΠαρθένοΕλαιόλαδο1L,Olive oil,machairas-exairetiko-partheno-elaiolado-1l,FOOD AND NON-ALCOHOLIC BEVERAGES,SupermarketCy
2024-06-03,Πράσινο Σταφύλι 1kg,Fresh or chilled fruit,prasino-stafyli-1kg,FOOD AND NON-ALCOHOLIC BEVERAGES,SupermarketCy
2024-06-03,ΑχλάδιαConference1kg,Fresh or chilled fruit,achladia-conference-1kg,FOOD AND NON-ALCOHOLIC BEVERAGES,SupermarketCy
2024-06-03,Ακτινίδια500g,Fresh or chilled fruit,aktinidia-500g,FOOD AND NON-ALCOHOLIC BEVERAGES,SupermarketCy
2024-06-03,ΠορτοκάλιαΓιαΧυμό1kg,Fresh or chilled fruit,portokalia-gia-chymo-1kg,FOOD AND NON-ALCOHOLIC BEVERAGES,SupermarketCy
2024-06-03,BertiΠλήρες3.5%ΓάλαΜακράςΔιαρκείας1L,Preserved milk,berti-plires-35-gala-makras-diarkeias-1l,FOOD AND NON-ALCOHOLIC BEVERAGES,SupermarketCy
2024-06-03,FoodAllianceΓαρίδεςVannamei16/20700g,Frozen seafood,food-alliance-garides-vannamei-1620-700,FOOD AND NON-ALCOHOLIC BEVERAGES,SupermarketCy
2024-06-03,Φορητός υπολογιστής ACER TravelMate Spin B3 NX.VN8ET.00D μαύρο,Personal computers,/products/information-technology/laptops-and-accessories/laptops/373112,RECREATION AND CULTURE,Stephanis
2024-06-03,CONTINENTAL - RACE KING RACESPORT MTB FOLDING TIRE,Tyres,/collections/mtb-tyres/products/continental-race-king-foldable,TRANSPORT,AWOL
2024-06-04,ΜαχαιράςΕξαιρετικόΠαρθένοΕλαιόλαδο1L,Olive oil,machairas-exairetiko-partheno-elaiolado-1l,FOOD AND NON-ALCOHOLIC BEVERAGES,SupermarketCy
2024-06-04,Πράσινο Σταφύλι 1kg,Fresh or chilled fruit,prasino-stafyli-1kg,FOOD AND NON-ALCOHOLIC BEVERAGES,SupermarketCy
2024-06-04,ΑχλάδιαConference1kg,Fresh or chilled fruit,achladia-conference-1kg,FOOD AND NON-ALCOHOLIC BEVERAGES,SupermarketCy
2024-06-04,Ακτινίδια500g,Fresh or chilled fruit,aktinidia-500g,FOOD AND NON-ALCOHOLIC BEVERAGES,SupermarketCy
2024-06-04,ΠορτοκάλιαΓιαΧυμό1kg,Fresh or chilled fruit,portokalia-gia-chymo-1kg,FOOD AND NON-ALCOHOLIC BEVERAGES,SupermarketCy
2024-06-04,BertiΠλήρες3.5%ΓάλαΜακράςΔιαρκείας1L,Preserved milk,berti-plires-35-gala-makras-diarkeias-1l,FOOD AND NON-ALCOHOLIC BEVERAGES,SupermarketCy
2024-06-04,ΑγίαΣκέπηBioOrganicΚινόα500g,Other cereal products,3a-kinoa-trikolore-400g,FOOD AND NON-ALCOHOLIC BEVERAGES,SupermarketCy
2024-06-04,CONTINENTAL - RACE KING RACESPORT MTB FOLDING TIRE,Tyres,/collections/mtb-tyres/products/continental-race-king-foldable,TRANSPORT,AWOL
2024-06-05,ΜαχαιράςΕξαιρετικόΠαρθένοΕλαιόλαδο1L,Olive oil,machairas-exairetiko-partheno-elaiolado-1l,FOOD AND NON-ALCOHOLIC BEVERAGES,SupermarketCy
2024-06-05,Πράσινο Σταφύλι 1kg,Fresh or chilled fruit,prasino-stafyli-1kg,FOOD AND NON-ALCOHOLIC BEVERAGES,SupermarketCy
2024-06-05,ΑχλάδιαConference1kg,Fresh or chilled fruit,achladia-conference-1kg,FOOD AND NON-ALCOHOLIC BEVERAGES,SupermarketCy
2024-06-05,Ακτινίδια500g,Fresh or chilled fruit,aktinidia-500g,FOOD AND NON-ALCOHOLIC BEVERAGES,SupermarketCy
2024-06-05,ΠορτοκάλιαΓιαΧυμό1kg,Fresh or chilled fruit,portokalia-gia-chymo-1kg,FOOD AND NON-ALCOHOLIC BEVERAGES,SupermarketCy
2024-06-05,BertiΠλήρες3.5%ΓάλαΜακράςΔιαρκείας1L,Preserved milk,berti-plires-35-gala-makras-diarkeias-1l,FOOD AND NON-ALCOHOLIC BEVERAGES,SupermarketCy
2024-06-05,CONTINENTAL - RACE KING RACESPORT MTB FOLDING TIRE,Tyres,/collections/mtb-tyres/products/continental-race-king-foldable,TRANSPORT,AWOL
2024-06-06,ΜαχαιράςΕξαιρετικόΠαρθένοΕλαιόλαδο1L,Olive oil,machairas-exairetiko-partheno-elaiolado-1l,FOOD AND NON-ALCOHOLIC BEVERAGES,SupermarketCy
2024-06-06,Πράσινο Σταφύλι 1kg,Fresh or chilled fruit,prasino-stafyli-1kg,FOOD AND NON-ALCOHOLIC BEVERAGES,SupermarketCy
2024-06-06,ΑχλάδιαConference1kg,Fresh or chilled fruit,achladia-conference-1kg,FOOD AND NON-ALCOHOLIC BEVERAGES,SupermarketCy
2024-06-06,Ακτινίδια500g,Fresh or chilled fruit,aktinidia-500g,FOOD AND NON-ALCOHOLIC BEVERAGES,SupermarketCy
2024-06-06,ΠορτοκάλιαΓιαΧυμό1kg,Fresh or chilled fruit,portokalia-gia-chymo-1kg,FOOD AND NON-ALCOHOLIC BEVERAGES,SupermarketCy
2024-06-06,BertiΠλήρες3.5%ΓάλαΜακράςΔιαρκείας1L,Preserved milk,berti-plires-35-gala-makras-diarkeias-1l,FOOD AND NON-ALCOHOLIC BEVERAGES,SupermarketCy
2024-06-06,CONTINENTAL - RACE KING RACESPORT MTB FOLDING TIRE,Tyres,/collections/mtb-tyres/products/continental-race-king-foldable,TRANSPORT,AWOL
2024-06-07,ΜαχαιράςΕξαιρετικόΠαρθένοΕλαιόλαδο1L,Olive oil,machairas-exairetiko-partheno-elaiolado-1l,FOOD AND NON-ALCOHOLIC BEVERAGES,SupermarketCy
2024-06-07,Πράσινο Σταφύλι 1kg,Fresh or chilled fruit,prasino-stafyli-1kg,FOOD AND NON-ALCOHOLIC BEVERAGES,SupermarketCy
2024-06-07,ΑχλάδιαConference1kg,Fresh or chilled fruit,achladia-conference-1kg,FOOD AND NON-ALCOHOLIC BEVERAGES,SupermarketCy
2024-06-07,Ακτινίδια500g,Fresh or chilled fruit,aktinidia-500g,FOOD AND NON-ALCOHOLIC BEVERAGES,SupermarketCy
2024-06-07,ΠορτοκάλιαΓιαΧυμό1kg,Fresh or chilled fruit,portokalia-gia-chymo-1kg,FOOD AND NON-ALCOHOLIC BEVERAGES,SupermarketCy
2024-06-07,BertiΠλήρες3.5%ΓάλαΜακράςΔιαρκείας1L,Preserved milk,berti-plires-35-gala-makras-diarkeias-1l,FOOD AND NON-ALCOHOLIC BEVERAGES,SupermarketCy
2024-06-07,NescafeGoldBlendRoasteryCollectionDarkRoast95g,Coffee,nescafe-gold-blend-roastery-collection-dark-roast-95g,FOOD AND NON-ALCOHOLIC BEVERAGES,SupermarketCy
2024-06-07,StrikeAppleFruitDrink1L,Fruit and vegetable juices,strike-froutopoto-milo-1l,FOOD AND NON-ALCOHOLIC BEVERAGES,SupermarketCy
2024-06-08,ΜαχαιράςΕξαιρετικόΠαρθένοΕλαιόλαδο1L,Olive oil,machairas-exairetiko-partheno-elaiolado-1l,FOOD AND NON-ALCOHOLIC BEVERAGES,SupermarketCy
2024-06-08,Πράσινο Σταφύλι 1kg,Fresh or chilled fruit,prasino-stafyli-1kg,FOOD AND NON-ALCOHOLIC BEVERAGES,SupermarketCy
2024-06-08,ΑχλάδιαConference1kg,Fresh or chilled fruit,achladia-conference-1kg,FOOD AND NON-ALCOHOLIC BEVERAGES,SupermarketCy
2024-06-08,Ακτινίδια500g,Fresh or chilled fruit,aktinidia-500g,FOOD AND NON-ALCOHOLIC BEVERAGES,SupermarketCy
2024-06-08,ΠορτοκάλιαΓιαΧυμό1kg,Fresh or chilled fruit,portokalia-gia-chymo-1kg,FOOD AND NON-ALCOHOLIC BEVERAGES,SupermarketCy
2024-06-08,BertiΠλήρες3.5%ΓάλαΜακράςΔιαρκείας1L,Preserved milk,berti-plires-35-gala-makras-diarkeias-1l,FOOD AND NON-ALCOHOLIC BEVERAGES,SupermarketCy
2024-06-08,NescafeGoldBlendRoasteryCollectionDarkRoast95g,Coffee,nescafe-gold-blend-roastery-collection-dark-roast-95g,FOOD AND NON-ALCOHOLIC BEVERAGES,SupermarketCy
2024-06-08,StrikeAppleFruitDrink1L,Fruit and vegetable juices,strike-froutopoto-milo-1l,FOOD AND NON-ALCOHOLIC BEVERAGES,SupermarketCy
2024-06-08,Costa Coffee Cappuccino Medio,"Restaurants, cafes and dancing establishments",https://wolt.com/en/cyp/nicosia/restaurant/costanicosia/cappuccino-itemid-6322e54fe33a94243e2ccc52,RESTAURANTS AND HOTELS,Wolt
2024-06-09,ΜαχαιράςΕξαιρετικόΠαρθένοΕλαιόλαδο1L,Olive oil,machairas-exairetiko-partheno-elaiolado-1l,FOOD AND NON-ALCOHOLIC BEVERAGES,SupermarketCy
2024-06-09,Πράσινο Σταφύλι 1kg,Fresh or chilled fruit,prasino-stafyli-1kg,FOOD AND NON-ALCOHOLIC BEVERAGES,SupermarketCy
2024-06-09,ΑχλάδιαConference1kg,Fresh or chilled fruit,achladia-conference-1kg,FOOD AND NON-ALCOHOLIC BEVERAGES,SupermarketCy
2024-06-09,Ακτινίδια500g,Fresh or chilled fruit,aktinidia-500g,FOOD AND NON-ALCOHOLIC BEVERAGES,SupermarketCy
2024-06-09,ΠορτοκάλιαΓιαΧυμό1kg,Fresh or chilled fruit,portokalia-gia-chymo-1kg,FOOD AND NON-ALCOHOLIC BEVERAGES,SupermarketCy
2024-06-09,BertiΠλήρες3.5%ΓάλαΜακράςΔιαρκείας1L,Preserved milk,berti-plires-35-gala-makras-diarkeias-1l,FOOD AND NON-ALCOHOLIC BEVERAGES,SupermarketCy
2024-06-09,NescafeGoldBlendRoasteryCollectionDarkRoast95g,Coffee,nescafe-gold-blend-roastery-collection-dark-roast-95g,FOOD AND NON-ALCOHOLIC BEVERAGES,SupermarketCy
2024-06-09,StrikeAppleFruitDrink1L,Fruit and vegetable juices,strike-froutopoto-milo-1l,FOOD AND NON-ALCOHOLIC BEVERAGES,SupermarketCy
2024-06-10,BertiΠλήρες3.5%ΓάλαΜακράςΔιαρκείας1L,Preserved milk,berti-plires-35-gala-makras-diarkeias-1l,FOOD AND NON-ALCOHOLIC BEVERAGES,SupermarketCy
2024-06-10,ColgateMaxFreshCrystalMint75ml,"Articles for personal hygiene and wellness, esoteric products and beauty products",colgate-max-fresh-crystal-mint-75ml,MISCELLANEOUS GOODS AND SERVICES,SupermarketCy
2024-06-10,"ΠαπαφιλίπουN-iceΠαγάκια4,5kg",Edible ices and ice cream,papafilipou-n-ice-pagakia-45kg,FOOD AND NON-ALCOHOLIC BEVERAGES,SupermarketCy
2024-06-11,Πόμελο1Τεμ,Fresh or chilled fruit,pomelo-1tem,FOOD AND NON-ALCOHOLIC BEVERAGES,SupermarketCy
2024-06-11,BertiΠλήρες3.5%ΓάλαΜακράςΔιαρκείας1L,Preserved milk,berti-plires-35-gala-makras-diarkeias-1l,FOOD AND NON-ALCOHOLIC BEVERAGES,SupermarketCy
2024-06-11,ColgateMaxFreshCrystalMint75ml,"Articles for personal hygiene and wellness, esoteric products and beauty products",colgate-max-fresh-crystal-mint-75ml,MISCELLANEOUS GOODS AND SERVICES,SupermarketCy
2024-06-11,"ΠαπαφιλίπουN-iceΠαγάκια4,5kg",Edible ices and ice cream,papafilipou-n-ice-pagakia-45kg,FOOD AND NON-ALCOHOLIC BEVERAGES,SupermarketCy
2024-06-12,"""ΑΔΕΛΦΟΙ ΚΟΥΡΙΔΗ ΛΙΜΙΤΕΔ""",,delfoi-koyridi-limited-4?ref=maptile,,Fuel Daddy
2024-06-12,Πόμελο1Τεμ,Fresh or chilled fruit,pomelo-1tem,FOOD AND NON-ALCOHOLIC BEVERAGES,SupermarketCy
2024-06-12,BertiΠλήρες3.5%ΓάλαΜακράςΔιαρκείας1L,Preserved milk,berti-plires-35-gala-makras-diarkeias-1l,FOOD AND NON-ALCOHOLIC BEVERAGES,SupermarketCy
2024-06-12,ColgateMaxFreshCrystalMint75ml,"Articles for personal hygiene and wellness, esoteric products and beauty products",colgate-max-fresh-crystal-mint-75ml,MISCELLANEOUS GOODS AND SERVICES,SupermarketCy
2024-06-12,NescafeGoldBlendRoasteryCollectionLightRoast95g,Coffee,nescafe-gold-blend-roastery-collection-light-roast-95g,FOOD AND NON-ALCOHOLIC BEVERAGES,SupermarketCy
2024-06-12,"ΠαπαφιλίπουN-iceΠαγάκια2,7kg",Edible ices and ice cream,papafilipou-n-ice-pagakia-27kg,FOOD AND NON-ALCOHOLIC BEVERAGES,SupermarketCy
2024-06-13,"""ΑΔΕΛΦΟΙ ΚΟΥΡΙΔΗ ΛΙΜΙΤΕΔ""",,delfoi-koyridi-limited-4?ref=maptile,,Fuel Daddy
2024-06-13,Πόμελο1Τεμ,Fresh or chilled fruit,pomelo-1tem,FOOD AND NON-ALCOHOLIC BEVERAGES,SupermarketCy
2024-06-13,BertiΠλήρες3.5%ΓάλαΜακράςΔιαρκείας1L,Preserved milk,berti-plires-35-gala-makras-diarkeias-1l,FOOD AND NON-ALCOHOLIC BEVERAGES,SupermarketCy
2024-06-13,ColgateMaxFreshCrystalMint75ml,"Articles for personal hygiene and wellness, esoteric products and beauty products",colgate-max-fresh-crystal-mint-75ml,MISCELLANEOUS GOODS AND SERVICES,SupermarketCy
2024-06-13,NescafeGoldBlendRoasteryCollectionLightRoast95g,Coffee,nescafe-gold-blend-roastery-collection-light-roast-95g,FOOD AND NON-ALCOHOLIC BEVERAGES,SupermarketCy
2024-06-13,"ΠαπαφιλίπουN-iceΠαγάκια2,7kg",Edible ices and ice cream,papafilipou-n-ice-pagakia-27kg,FOOD AND NON-ALCOHOLIC BEVERAGES,SupermarketCy
