Date,Division,Subclass,Price,Weight,Weight_Price_Subclass,Weight_Price_Division,CPI Division,Daily Change (%)
2024-06-27,RECREATION AND CULTURE,Accessories for information processing equipment,16.8,0.0003,0.00504,1.634799859,100,
2024-06-27,MISCELLANEOUS GOODS AND SERVICES,"Articles for personal hygiene and wellness, esoteric products and beauty products",4.213636364,0.0244,0.102812727,0.615094561,100,
2024-06-27,FOOD AND NON-ALCOHOLIC BEVERAGES,Artificial sugar substitutes,5.183333333,0,0,0.822034313,100,
2024-06-27,FOOD AND NON-ALCOHOLIC BEVERAGES,Baby food,7.452727273,0.0026,0.019377091,0.822034313,100,
2024-06-27,"FURNISHING, HOUSEHOLD EQUIPMENT AND SUPPLIES ",Bed linen,82.5,0.0008,0.066,4.644186739,100,
2024-06-27,FOOD AND NON-ALCOHOLIC BEVERAGES,Beef and veal,5.33,0.0013,0.006929,0.822034313,100,
2024-06-27,TRANSPORT,Bicycles,545,0.0003,0.1635,717.752041,100,
2024-06-27,FOOD AND NON-ALCOHOLIC BEVERAGES,Bread,1.881666667,0.0098,0.018440333,0.822034313,100,
2024-06-27,FOOD AND NON-ALCOHOLIC BEVERAGES,Breakfast cereals,4.0625,0.0031,0.01259375,0.822034313,100,
2024-06-27,COMMUNICATION,Bundled telecommunication services,19.074,0.0065,0.123981,0.318865433,100,
2024-06-27,FOOD AND NON-ALCOHOLIC BEVERAGES,Butter,4.47,0.001,0.00447,0.822034313,100,
2024-06-27,RECREATION AND CULTURE,Cameras,79.66666667,0.0002,0.015933333,1.634799859,100,
2024-06-27,"FURNISHING, HOUSEHOLD EQUIPMENT AND SUPPLIES ",Carpets and rugs,6.24,0.0004,0.002496,4.644186739,100,
2024-06-27,FOOD AND NON-ALCOHOLIC BEVERAGES,Cheese and curd,4.592222222,0.0123,0.056484333,0.822034313,100,
2024-06-27,FOOD AND NON-ALCOHOLIC BEVERAGES,Chocolate,1.74,0.0036,0.006264,0.822034313,100,
2024-06-27,ALCOHOLIC BEVERAGES AND TOBACCO,Cigarettes,4.95,0.0171,0.084645,0.473660143,100,
2024-06-27,ALCOHOLIC BEVERAGES AND TOBACCO,Cigars,28.74,0.0033,0.094842,0.473660143,100,
2024-06-27,RECREATION AND CULTURE,"Cinemas, theatres, concerts",8,0.0029,0.0232,1.634799859,100,
2024-06-27,"FURNISHING, HOUSEHOLD EQUIPMENT AND SUPPLIES ",Cleaning and maintenance products,5.704782609,0.0127,0.072450739,4.644186739,100,
2024-06-27,"FURNISHING, HOUSEHOLD EQUIPMENT AND SUPPLIES ",Cleaning equipment,59.98333333,0.0002,0.011996667,4.644186739,100,
2024-06-27,CLOTHING AND FOOTWEAR,Cleaning of clothing,17.33333333,0.0008,0.013866667,2.494288167,100,
2024-06-27,MISCELLANEOUS GOODS AND SERVICES,Clocks and watches,92.31666667,0.0005,0.046158333,0.615094561,100,
2024-06-27,"FURNISHING, HOUSEHOLD EQUIPMENT AND SUPPLIES ","Clothes washing machines, clothes drying machines and dish washing machines",450,0.002,0.9,4.644186739,100,
2024-06-27,CLOTHING AND FOOTWEAR,Clothing accessories,54.6,0.0004,0.02184,2.494288167,100,
2024-06-27,"HOUSING, WATER, ELECTRICITY, GAS AND OTHER FUELS",Coal,6.47,0.0015,0.009705,0.265957028,100,
2024-06-27,FOOD AND NON-ALCOHOLIC BEVERAGES,Cocoa and powdered chocolate,2.5,0.0003,0.00075,0.822034313,100,
2024-06-27,FOOD AND NON-ALCOHOLIC BEVERAGES,Coffee,5.317692308,0.0044,0.023397846,0.822034313,100,
2024-06-27,"FURNISHING, HOUSEHOLD EQUIPMENT AND SUPPLIES ","Coffee machines, tea makers and similar appliances",22.4625,0.0002,0.0044925,4.644186739,100,
2024-06-27,FOOD AND NON-ALCOHOLIC BEVERAGES,Confectionery products,2.007,0.0025,0.0050175,0.822034313,100,
2024-06-27,"FURNISHING, HOUSEHOLD EQUIPMENT AND SUPPLIES ",Cookers,94.475,0.0012,0.11337,4.644186739,100,
2024-06-27,HEALTH,Corrective eye-glasses and contact lenses,88.14,0.001,0.08814,0.347793,100,
2024-06-27,FOOD AND NON-ALCOHOLIC BEVERAGES,Crisps,2.25,0.0018,0.00405,0.822034313,100,
2024-06-27,"FURNISHING, HOUSEHOLD EQUIPMENT AND SUPPLIES ","Cutlery, flatware and silverware",11.99,0.0004,0.004796,4.644186739,100,
2024-06-27,TRANSPORT,Diesel,1.536229167,0.0143,0.021968077,717.752041,100,
2024-06-27,FOOD AND NON-ALCOHOLIC BEVERAGES,Dried fruit and nuts,3.290909091,0.0038,0.012505455,0.822034313,100,
2024-06-27,FOOD AND NON-ALCOHOLIC BEVERAGES,"Dried vegetables, other preserved or processed vegetables",1.068333333,0.0036,0.003846,0.822034313,100,
2024-06-27,FOOD AND NON-ALCOHOLIC BEVERAGES,"Dried, salted or smoked meat",4.435,0.006,0.02661,0.822034313,100,
2024-06-27,FOOD AND NON-ALCOHOLIC BEVERAGES,"Dried, smoked or salted fish and seafood",3.90875,0.0006,0.00234525,0.822034313,100,
2024-06-27,FOOD AND NON-ALCOHOLIC BEVERAGES,Edible ices and ice cream,3.73,0.0022,0.008206,0.822034313,100,
2024-06-27,RECREATION AND CULTURE,Educational text books,15.58421053,0.0017,0.026493158,1.634799859,100,
2024-06-27,FOOD AND NON-ALCOHOLIC BEVERAGES,Eggs,3.3,0.0023,0.00759,0.822034313,100,
2024-06-27,MISCELLANEOUS GOODS AND SERVICES,Electric appliances for personal care,44,0.0002,0.0088,0.615094561,100,
2024-06-27,RECREATION AND CULTURE,Equipment for sport,9.95,0.0018,0.01791,1.634799859,100,
2024-06-27,RECREATION AND CULTURE,"Equipment for the reception, recording and reproduction of sound",18.45,0.0002,0.00369,1.634799859,100,
2024-06-27,RECREATION AND CULTURE,"Equipment for the reception, recording and reproduction of sound and vision",52.66666667,0.0032,0.168533333,1.634799859,100,
2024-06-27,RESTAURANTS AND HOTELS,Fast food and take away food services,12.64444444,0.0174,0.220013333,1.074561667,100,
2024-06-27,RECREATION AND CULTURE,Fiction books,18.4,0.0014,0.02576,1.634799859,100,
2024-06-27,FOOD AND NON-ALCOHOLIC BEVERAGES,Flours and other cereals,1.536666667,0.002,0.003073333,0.822034313,100,
2024-06-27,"FURNISHING, HOUSEHOLD EQUIPMENT AND SUPPLIES ",Food processing appliances,96.5,0.0003,0.02895,4.644186739,100,
2024-06-27,CLOTHING AND FOOTWEAR,Footwear for infants and children,39.905,0.003,0.119715,2.494288167,100,
2024-06-27,CLOTHING AND FOOTWEAR,Footwear for men,64.2,0.0065,0.4173,2.494288167,100,
2024-06-27,CLOTHING AND FOOTWEAR,Footwear for women,46.9,0.0072,0.33768,2.494288167,100,
2024-06-27,FOOD AND NON-ALCOHOLIC BEVERAGES,Fresh or chilled fish,16.92,0.0028,0.047376,0.822034313,100,
2024-06-27,FOOD AND NON-ALCOHOLIC BEVERAGES,Fresh or chilled fruit,3.159375,0.0139,0.043915313,0.822034313,100,
2024-06-27,FOOD AND NON-ALCOHOLIC BEVERAGES,Fresh or chilled vegetables other than potatoes and other tubers,2.483636364,0.0138,0.034274182,0.822034313,100,
2024-06-27,FOOD AND NON-ALCOHOLIC BEVERAGES,Frozen fish,7.692,0.0015,0.011538,0.822034313,100,
2024-06-27,FOOD AND NON-ALCOHOLIC BEVERAGES,Frozen seafood,7.104,0.0011,0.0078144,0.822034313,100,
2024-06-27,FOOD AND NON-ALCOHOLIC BEVERAGES,Frozen vegetables other than potatoes and other tubers,3.076666667,0.0009,0.002769,0.822034313,100,
2024-06-27,FOOD AND NON-ALCOHOLIC BEVERAGES,Fruit and vegetable juices,2.19625,0.0033,0.007247625,0.822034313,100,
2024-06-27,"FURNISHING, HOUSEHOLD EQUIPMENT AND SUPPLIES ",Furnishing fabrics and curtains,51.75,0.0012,0.0621,4.644186739,100,
2024-06-27,RECREATION AND CULTURE,Games and hobbies,8.15,0.0007,0.005705,1.634799859,100,
2024-06-27,"FURNISHING, HOUSEHOLD EQUIPMENT AND SUPPLIES ",Garden furniture,17.495,0.0008,0.013996,4.644186739,100,
2024-06-27,RECREATION AND CULTURE,Garden products,7.556666667,0.0009,0.006801,1.634799859,100,
2024-06-27,CLOTHING AND FOOTWEAR,Garments for infants (0 to 2 years) and children (3 to 13 years),35.25,0.0116,0.4089,2.494288167,100,
2024-06-27,CLOTHING AND FOOTWEAR,Garments for men,30.094,0.0185,0.556739,2.494288167,100,
2024-06-27,CLOTHING AND FOOTWEAR,Garments for women,26.42083333,0.0234,0.6182475,2.494288167,100,
2024-06-27,"FURNISHING, HOUSEHOLD EQUIPMENT AND SUPPLIES ","Glassware, crystal-ware, ceramic ware and chinaware",0.79,0.0016,0.001264,4.644186739,100,
2024-06-27,MISCELLANEOUS GOODS AND SERVICES,Hairdressing for men and children,24.5,0.0033,0.08085,0.615094561,100,
2024-06-27,MISCELLANEOUS GOODS AND SERVICES,Hairdressing for women,27.5,0.0083,0.22825,0.615094561,100,
2024-06-27,"FURNISHING, HOUSEHOLD EQUIPMENT AND SUPPLIES ","Heaters, air conditioners",377.4,0.0025,0.9435,4.644186739,100,
2024-06-27,"FURNISHING, HOUSEHOLD EQUIPMENT AND SUPPLIES ",Household furniture,122.98,0.0088,1.082224,4.644186739,100,
2024-06-27,COMMUNICATION,Internet access provision services,27.6175,0.0031,0.08561425,0.318865433,100,
2024-06-27,"FURNISHING, HOUSEHOLD EQUIPMENT AND SUPPLIES ",Irons,23.95,0.0003,0.007185,4.644186739,100,
2024-06-27,FOOD AND NON-ALCOHOLIC BEVERAGES,"Jams, marmalades and honey",3.78375,0.0015,0.005675625,0.822034313,100,
2024-06-27,MISCELLANEOUS GOODS AND SERVICES,Jewellery,30.125,0.0013,0.0391625,0.615094561,100,
2024-06-27,ALCOHOLIC BEVERAGES AND TOBACCO,Lager beer,6.345,0.0026,0.016497,0.473660143,100,
2024-06-27,FOOD AND NON-ALCOHOLIC BEVERAGES,Lamb and goat,12.33,0.0039,0.048087,0.822034313,100,
2024-06-27,COMMUNICATION,Letter handling services,1.05,0.0006,0.00063,0.318865433,100,
2024-06-27,"FURNISHING, HOUSEHOLD EQUIPMENT AND SUPPLIES ",Lighting equipment,12.49,0.0007,0.008743,4.644186739,100,
2024-06-27,"HOUSING, WATER, ELECTRICITY, GAS AND OTHER FUELS",Liquid fuels,1.138262846,0.0071,0.008081666,0.265957028,100,
2024-06-27,FOOD AND NON-ALCOHOLIC BEVERAGES,Low fat milk,2.261666667,0.0086,0.019450333,0.822034313,100,
2024-06-27,TRANSPORT,Lubricants,11.225,0.0004,0.00449,717.752041,100,
2024-06-27,TRANSPORT,Maintenance and repair of personal transport equipment,9.07,0.0184,0.166888,717.752041,100,
2024-06-27,FOOD AND NON-ALCOHOLIC BEVERAGES,Margarine and other vegetable fats,3.14,0.0012,0.003768,0.822034313,100,
2024-06-27,FOOD AND NON-ALCOHOLIC BEVERAGES,Mineral or spring waters,2.543333333,0.0029,0.007375667,0.822034313,100,
2024-06-27,RECREATION AND CULTURE,Miscellaneous printed matter,12.45,0.0005,0.006225,1.634799859,100,
2024-06-27,"FURNISHING, HOUSEHOLD EQUIPMENT AND SUPPLIES ",Miscellaneous small tool accessories,63.56666667,0.0013,0.082636667,4.644186739,100,
2024-06-27,COMMUNICATION,Mobile telephone equipment,44.15,0.0023,0.101545,0.318865433,100,
2024-06-27,TRANSPORT,Motor cycles,6195,0.0011,6.8145,717.752041,100,
2024-06-27,"FURNISHING, HOUSEHOLD EQUIPMENT AND SUPPLIES ",Motorized major tools and equipment,62.8,0.0017,0.10676,4.644186739,100,
2024-06-27,RECREATION AND CULTURE,Musical instruments,342.5,0.0003,0.10275,1.634799859,100,
2024-06-27,TRANSPORT,New motor cars,28171.42857,0.0188,529.6228571,717.752041,100,
2024-06-27,"FURNISHING, HOUSEHOLD EQUIPMENT AND SUPPLIES ",Non-electric kitchen utensils and articles,17.21666667,0.0023,0.039598333,4.644186739,100,
2024-06-27,MISCELLANEOUS GOODS AND SERVICES,Non-electrical appliances,2.33,0.0009,0.002097,0.615094561,100,
2024-06-27,"FURNISHING, HOUSEHOLD EQUIPMENT AND SUPPLIES ",Non-motorized small tools,6.734,0.0005,0.003367,4.644186739,100,
2024-06-27,FOOD AND NON-ALCOHOLIC BEVERAGES,Olive oil,12.13333333,0.0013,0.015773333,0.822034313,100,
2024-06-27,FOOD AND NON-ALCOHOLIC BEVERAGES,Other bakery products,2.915294118,0.0146,0.042563294,0.822034313,100,
2024-06-27,FOOD AND NON-ALCOHOLIC BEVERAGES,Other cereal products,3.3,0,0,0.822034313,100,
2024-06-27,FOOD AND NON-ALCOHOLIC BEVERAGES,Other edible oils,8.5175,0.0015,0.01277625,0.822034313,100,
2024-06-27,FOOD AND NON-ALCOHOLIC BEVERAGES,Other food products n.e.c.,2.05,0.0009,0.001845,0.822034313,100,
2024-06-27,"FURNISHING, HOUSEHOLD EQUIPMENT AND SUPPLIES ",Other furniture and furnishings,44.90833333,0.0012,0.05389,4.644186739,100,
2024-06-27,FOOD AND NON-ALCOHOLIC BEVERAGES,Other meat preparations,3.36,0.0019,0.006384,0.822034313,100,
2024-06-27,FOOD AND NON-ALCOHOLIC BEVERAGES,Other meats,6.35,0.0011,0.006985,0.822034313,100,
2024-06-27,HEALTH,Other medical products n.e.c.,44.576,0.0005,0.022288,0.347793,100,
2024-06-27,FOOD AND NON-ALCOHOLIC BEVERAGES,Other milk products,1.7,0.002,0.0034,0.822034313,100,
2024-06-27,RECREATION AND CULTURE,Other non-fiction books,10.71666667,0.0004,0.004286667,1.634799859,100,
2024-06-27,COMMUNICATION,Other postal services,12.51666667,0.0005,0.006258333,0.318865433,100,
2024-06-27,FOOD AND NON-ALCOHOLIC BEVERAGES,Other preserved or processed fish and seafood-based preparations,5.5775,0.0023,0.01282825,0.822034313,100,
2024-06-27,"FURNISHING, HOUSEHOLD EQUIPMENT AND SUPPLIES ",Other small electric household appliances,44.95,0,0,4.644186739,100,
2024-06-27,RECREATION AND CULTURE,Other stationery and drawing materials,1.217647059,0.0008,0.000974118,1.634799859,100,
2024-06-27,HEALTH,Other therapeutic appliances and equipment,111.41,0.0003,0.033423,0.347793,100,
2024-06-27,ALCOHOLIC BEVERAGES AND TOBACCO,Other tobacco products,31.9,0.0076,0.24244,0.473660143,100,
2024-06-27,RECREATION AND CULTURE,Paper products,5.25,0.0008,0.0042,1.634799859,100,
2024-06-27,TRANSPORT,Passenger transport by bus and coach,4.666666667,0.0008,0.003733333,717.752041,100,
2024-06-27,TRANSPORT,Passenger transport by taxi and hired car with driver,2.34,0.0007,0.001638,717.752041,100,
2024-06-27,FOOD AND NON-ALCOHOLIC BEVERAGES,Pasta products and couscous,1.5825,0.0024,0.003798,0.822034313,100,
2024-06-27,RECREATION AND CULTURE,Personal computers,419,0.0028,1.1732,1.634799859,100,
2024-06-27,MISCELLANEOUS GOODS AND SERVICES,Personal grooming treatments,3.07,0.0052,0.015964,0.615094561,100,
2024-06-27,TRANSPORT,Petrol,1.524461404,0.0607,0.092534807,717.752041,100,
2024-06-27,HEALTH,Pharmaceutical products,9.57,0.0202,0.193314,0.347793,100,
2024-06-27,FOOD AND NON-ALCOHOLIC BEVERAGES,Pizza and quiche,3.9025,0.0011,0.00429275,0.822034313,100,
2024-06-27,RECREATION AND CULTURE,Plants and flowers,8.99,0.0024,0.021576,1.634799859,100,
2024-06-27,FOOD AND NON-ALCOHOLIC BEVERAGES,Pork,6.3,0.0112,0.07056,0.822034313,100,
2024-06-27,EDUCATION,Post-secondary non-tertiary education (ISCED 4),9000,0.0004,3.6,354.7019231,100,
2024-06-27,FOOD AND NON-ALCOHOLIC BEVERAGES,Potatoes,3.4,0.0026,0.00884,0.822034313,100,
2024-06-27,FOOD AND NON-ALCOHOLIC BEVERAGES,Poultry,10.18,0.0098,0.099764,0.822034313,100,
2024-06-27,EDUCATION,Pre-primary education (ISCED-97 level 0),6915,0.0045,31.1175,354.7019231,100,
2024-06-27,HEALTH,Pregnancy tests and mechanical contraceptive devices,26.57,0.0004,0.010628,0.347793,100,
2024-06-27,FOOD AND NON-ALCOHOLIC BEVERAGES,Preserved milk,1.29,0.0007,0.000903,0.822034313,100,
2024-06-27,EDUCATION,Primary education (ISCED-97 level 1),7215,0.0033,23.8095,354.7019231,100,
2024-06-27,RECREATION AND CULTURE,Products for pets,2.2475,0.0027,0.00606825,1.634799859,100,
2024-06-27,FOOD AND NON-ALCOHOLIC BEVERAGES,Ready-made meals,4.845,0.0008,0.003876,0.822034313,100,
2024-06-27,"FURNISHING, HOUSEHOLD EQUIPMENT AND SUPPLIES ","Refrigerators, freezers and fridge-freezers",627.6666667,0.0016,1.004266667,4.644186739,100,
2024-06-27,"FURNISHING, HOUSEHOLD EQUIPMENT AND SUPPLIES ",Repair of household appliances,13.12333333,0.0005,0.006561667,4.644186739,100,
2024-06-27,RESTAURANTS AND HOTELS,"Restaurants, cafes and dancing establishments",13.71666667,0.0623,0.854548333,1.074561667,100,
2024-06-27,FOOD AND NON-ALCOHOLIC BEVERAGES,Rice,3.335454545,0.0013,0.004336091,0.822034313,100,
2024-06-27,FOOD AND NON-ALCOHOLIC BEVERAGES,"Salt, spices and culinary herbs",1.156666667,0.0008,0.000925333,0.822034313,100,
2024-06-27,FOOD AND NON-ALCOHOLIC BEVERAGES,"Sauces, condiments",2.103636364,0.0019,0.003996909,0.822034313,100,
2024-06-27,TRANSPORT,Second-hand motor cars,13100,0.0138,180.78,717.752041,100,
2024-06-27,EDUCATION,Secondary education,8241.666667,0.0156,128.57,354.7019231,100,
2024-06-27,FOOD AND NON-ALCOHOLIC BEVERAGES,Soft drinks,5.003333333,0.0056,0.028018667,0.822034313,100,
2024-06-27,TRANSPORT,Spare parts for personal transport equipment,13.48333333,0.0011,0.014831667,717.752041,100,
2024-06-27,ALCOHOLIC BEVERAGES AND TOBACCO,Spirits and liqueurs,11.85571429,0.0023,0.027268143,0.473660143,100,
2024-06-27,FOOD AND NON-ALCOHOLIC BEVERAGES,Sugar,1.42,0.0007,0.000994,0.822034313,100,
2024-06-27,"FURNISHING, HOUSEHOLD EQUIPMENT AND SUPPLIES ",Table linen and bathroom linen,44.5,0.0003,0.01335,4.644186739,100,
2024-06-27,FOOD AND NON-ALCOHOLIC BEVERAGES,Tea,1.67,0.0004,0.000668,0.822034313,100,
2024-06-27,EDUCATION,Tertiary education,11639.23077,0.0144,167.6049231,354.7019231,100,
2024-06-27,"FURNISHING, HOUSEHOLD EQUIPMENT AND SUPPLIES ",Toasters and grills,33.975,0.0003,0.0101925,4.644186739,100,
2024-06-27,RECREATION AND CULTURE,Toys and celebration articles,4.33,0.0038,0.016454,1.634799859,100,
2024-06-27,MISCELLANEOUS GOODS AND SERVICES,Travel goods,70,0.0013,0.091,0.615094561,100,
2024-06-27,TRANSPORT,Tyres,43.4,0.0015,0.0651,717.752041,100,
2024-06-27,FOOD AND NON-ALCOHOLIC BEVERAGES,Whole milk,2.92,0.0015,0.00438,0.822034313,100,
2024-06-27,ALCOHOLIC BEVERAGES AND TOBACCO,Wine from grapes,4.426666667,0.0018,0.007968,0.473660143,100,
2024-06-27,COMMUNICATION,Wired telephone services,0.0445,0.0033,0.00014685,0.318865433,100,
2024-06-27,COMMUNICATION,Wireless telephone services,0.025,0.0276,0.00069,0.318865433,100,
2024-06-27,FOOD AND NON-ALCOHOLIC BEVERAGES,Yoghurt,4.318,0.0053,0.0228854,0.822034313,100,
2024-06-27,"HOUSING, WATER, ELECTRICITY, GAS AND OTHER FUELS",Electricity,6.340131,0.0316,0.20034814,0.265957028,100,
2024-06-27,"HOUSING, WATER, ELECTRICITY, GAS AND OTHER FUELS",Water supply,6.383333333,0.0072,0.04596,0.265957028,100,
2024-06-27,"HOUSING, WATER, ELECTRICITY, GAS AND OTHER FUELS",Sewage collection,0.931111111,0.002,0.001862222,0.265957028,100,
